activo,cierre_ventana_utc,ret_24h_pct,sentido,tipo,causa,especifico_del_activo(si/no),fecha_hora_noticia_utc,fuente_url,confianza
XLM,2021-01-06 14:00,100.8,subida,regulatorio,Rotacion desde XRP (demanda SEC vs Ripple 22-dic-2020) hacia XLM + ruling OCC sobre stablecoins/blockchains publicas + anuncio Stellar-Ucrania CBDC (Ucrania luego matizo que XLM no participaria). Semana de +100-180%; mercado alcista general de fondo,si,2021-01-06,https://finance.yahoo.com/news/stellar-xlm-token-rallies-2-120010759.html,media
XLM,2024-11-23 16:00,74.8,subida,regulatorio,Contagio de XRP (+51% a 1.10 USD) por especulacion de salida del presidente SEC Gensler y expectativas pro-cripto de la administracion Trump; mercado cripto entero en euforia (fear&greed 88). XLM historicamente correlacionado con XRP,si,2024-11-21,https://invezz.com/news/2024/11/23/heres-why-stellar-price-is-surging-and-why-xlm-may-slip-soon/,media
XLM,2020-11-24 05:00,73.8,subida,sin_causa_identificada,No se encontro noticia verificable especifica de XLM en esa ventana. Coincide con fase alcista general de BTC hacia maximos de 2017 (no verificado en fuente),no,,,baja
XLM,2023-07-13 20:00,69.4,subida,regulatorio,Sentencia de la jueza Torres (13-jul-2023): XRP no es valor en ventas programaticas/publicas; rally de XRP arrastra a XLM y al resto de altcoins,si,2023-07-13,https://cryptoticker.io/en/top-3-crypto-gainers-as-ripple-wins-the-sec-lawsuit/,alta
XLM,2024-11-16 22:00,59.8,subida,sentimiento_o_redes,"Sin noticia puntual verificada; contexto: rally post-eleccion USA con XRP liderando y XLM siguiendo (subida ~100% en la semana segun Coin Republic, volumen +51%, OI +21%). Causa concreta del dia no aislada",si,,https://www.thecoinrepublic.com/2024/11/22/stellar-xlm-price-soars-almost-100-in-a-week-whats-driving-the-surge/,baja
XLM,2021-05-20 13:00,53.4,subida,liquidaciones_mercado,"Rebote de todo el mercado tras el crash del 19-may-2021 (China/Musk/liquidaciones en cascada); la fila del catalogo describe la caida, esta ventana es el rebote. Mercado entero, no especifico",no,2021-05-19,https://www.aljazeera.com/economy/2021/5/19/crypto-wipe-out-bitcoin-ether-doge-all-plunge-lower,media
XLM,2021-01-29 05:00,48.6,subida,sentimiento_o_redes,"Pump coordinado por r/SatoshiStreetBets sobre XRP y XLM (XLM +64% el 27-ene segun Cointelegraph). OJO: el catalogo lo atribuye a Musk #bitcoin en bio, pero ese tuit fue el 29-ene y la ventana cierra a las 05:00 UTC, asi que probablemente es posterior",si,2021-01-27,https://cointelegraph.com/news/xrp-price-gains-86-after-wall-street-bets-crypto-wing-says-pump-it,media
XLM,2021-05-19 13:00,-48.2,bajada,liquidaciones_mercado,"Crash de todo el mercado: Musk critica energia de BTC y Tesla suspende pagos en BTC (12-may), PBoC reitera prohibicion a bancos, liquidaciones en cascada apalancadas; BTC -22%, ETH -40%",no,2021-05-19,https://www.aljazeera.com/economy/2021/5/19/crypto-wipe-out-bitcoin-ether-doge-all-plunge-lower,alta
XLM,2026-05-30 03:00,44.9,subida,listado_o_producto,Anuncio DTCC + Stellar Development Foundation (27-may-2026) de tokenizar activos en Stellar; XLM +15% ese dia mientras el mercado caia. Nota: el pico de +45% llega 2-3 dias despues; el nexo causal con el total de la ventana no esta plenamente verificado (pagina MEXC con dato +24% dia 30-may inaccesible),si,2026-05-27,https://www.cryptotimes.io/2026/05/28/why-is-stellar-xlm-up-today-while-the-crypto-market-crashes/,media
XLM,2020-03-13 02:00,-39.2,bajada,macro,"Jueves negro del COVID-19: venta global de activos de riesgo, BTC ~-40% en el dia",no,2020-03-12,https://en.wikipedia.org/wiki/2020_stock_market_crash,alta
XLM,2020-11-26 19:00,-29.9,bajada,sin_causa_identificada,No se encontro causa verificable; parece correccion tras el rally de noviembre 2020 (+73% dos dias antes). Sin fuente,no,,,baja
XLM,2021-02-23 09:00,-28.5,bajada,macro,"Comentarios de la secretaria del Tesoro Yellen del 22-feb (BTC 'altamente especulativo', ineficiente y con gasto energetico) + subida de rendimientos reales + sobrecompra tras rally 30k-58k. Mercado entero",no,2021-02-22,https://www.coindesk.com/markets/2021/02/22/bitcoin-briefly-drops-below-48k-as-analysts-say-rally-overdone-yellen-comments,media
XLM,2025-02-03 02:00,-26.9,bajada,macro,"Aranceles de Trump a Canada, Mexico y China (anunciados 1-feb) provocan caida de todo el mercado y ~2.200 M$ en liquidaciones; ETH -20%, XRP -22%. La fuente no cita XLM explicitamente",no,2025-02-01,https://www.financemagnates.com/cryptocurrency/america-first-crypto-later-ether-xrp-doge-plunge-20-amid-trumps-tariffs/,alta
XLM,2022-05-12 06:00,-26.3,bajada,hackeo_o_fallo,Colapso de TerraUSD/LUNA (perdida de paridad de UST); contagio y venta forzada en todo el mercado,no,2022-05-11,https://corpgov.law.harvard.edu/2023/05/22/anatomy-of-a-run-the-terra-luna-crash/,alta
XLM,2021-05-23 17:00,-25.7,bajada,liquidaciones_mercado,"Nuevo tramo del crash de mayo 2021 (referencia 19-may, 23-may y 21-jun): China restringe mineria/bancos, Tesla revierte BTC, cascada de liquidaciones. Mercado entero; detalle del 23-may no aislado",no,2021-05-23,https://it.tradingview.com/chart/BTCUSD/CEqBXflZ-Largest-BTC-Dump-Case-Study-May-June-2021,media
XLM,2021-01-11 07:00,-25.4,bajada,liquidaciones_mercado,Caida de BTC >20% (de ~41k a ~33k) por toma de beneficios sin evento concreto ('sin catalizador' segun Fortune) y dolar mas fuerte; XLM venia de +180% semanal. Mercado entero y desapalancamiento,no,2021-01-11,https://fortune.com/2021/01/11/bitcoin-plunge-worst-crash-march-bubble/,media
DOT,2021-05-24 17:00,44.9,subida,liquidaciones_mercado,Rebote tras el suelo del crash del 23-may-2021 (BTC/mercado entero). No se hallo noticia especifica de DOT,no,,https://it.tradingview.com/chart/BTCUSD/CEqBXflZ-Largest-BTC-Dump-Case-Study-May-June-2021,baja
DOT,2021-05-20 01:00,-43.4,bajada,liquidaciones_mercado,"Crash 19-may-2021 de todo el mercado: Musk/Tesla, China y liquidaciones en cascada",no,2021-05-19,https://www.aljazeera.com/economy/2021/5/19/crypto-wipe-out-bitcoin-ether-doge-all-plunge-lower,alta
DOT,2021-01-14 01:00,43.0,subida,tecnico_o_protocolo,Seguimiento del rally de BTC (hacia 37k) + avance parachains (Plasm conecta a testnet Rococo V1 el 13-ene) + actividad de desarrollo en GitHub; DOT paso a 5a cripto por capitalizacion. Mezcla mercado y factores propios,si,2021-01-13,https://coingape.com/polkadot-dot-shoots-40-above-11-30-to-become-the-fifth-largest-crypto-leaving-behind-litecoin-ltc/,media
DOT,2022-05-13 14:00,42.9,subida,sin_causa_identificada,"Sin causa verificable. Posible rebote post-Terra, pero el precio de cierre 11.59 USD parece inconsistente con ~7.6 de la fila del 12-may (posible anomalia/mecha del dato Kraken, revisar OHLC). No confirmado",no,,,baja
DOT,2024-11-24 01:00,41.6,subida,listado_o_producto,"FIFA anuncia FIFA Rivals (Mythical Games) sobre Polkadot + triple suelo en 4 USD, subida de comisiones y usuarios, dentro de rally alcista general",si,2024-11-23,https://invezz.com/news/2024/11/24/heres-why-the-polkadot-and-kusama-prices-are-soaring/,media
DOT,2026-02-25 22:00,39.5,subida,listado_o_producto,Solicitud de ETF de Polkadot por Grayscale + discurso del Estado de la Union de Trump; The Defiant lo liga ademas a la anticipacion del halving/recorte de oferta (fuentes discrepan; CCN sube de 1.24 a 1.60),si,2026-02-25,https://www.ccn.com/analysis/crypto/polkadot-march-14-supply-dot-coin-price-chance/,media
DOT,2021-05-23 17:00,-33.3,bajada,liquidaciones_mercado,"Tramo del crash de mayo 2021 de todo el mercado (China, Tesla, apalancamiento); detalle especifico del 23-may no aislado",no,2021-05-23,https://it.tradingview.com/chart/BTCUSD/CEqBXflZ-Largest-BTC-Dump-Case-Study-May-June-2021,media
DOT,2021-05-21 01:00,33.0,subida,liquidaciones_mercado,"Rebote de mercado tras el crash del 19-may; el catalogo asocia el evento chino pero es la caida, no este rebote. Sin noticia especifica de DOT",no,,https://www.aljazeera.com/economy/2021/5/19/crypto-wipe-out-bitcoin-ether-doge-all-plunge-lower,baja
DOT,2022-05-12 06:00,-31.2,bajada,hackeo_o_fallo,Colapso de TerraUSD/LUNA con contagio a todo el mercado,no,2022-05-11,https://corpgov.law.harvard.edu/2023/05/22/anatomy-of-a-run-the-terra-luna-crash/,alta
DOT,2020-12-29 03:00,29.6,subida,sin_causa_identificada,"Sin noticia verificada en la ventana; Coingape indica que DOT seguia el rally de BTC desde el 28-dic (impulso de mercado, no confirmado como causa)",no,,https://coingape.com/polkadot-dot-shoots-40-above-11-30-to-become-the-fifth-largest-crypto-leaving-behind-litecoin-ltc/,baja
DOT,2025-02-03 02:00,-29.1,bajada,macro,"Aranceles de Trump a Canada/Mexico/China; ~2.200 M$ liquidados, caida generalizada de altcoins. La fuente no cita DOT",no,2025-02-01,https://www.financemagnates.com/cryptocurrency/america-first-crypto-later-ether-xrp-doge-plunge-20-amid-trumps-tariffs/,alta
DOT,2025-10-11 02:00,-28.7,bajada,macro,"Arancel del 100% a China anunciado por Trump (10-oct-2025): mayor liquidacion de la historia (>3.000 M$ en una hora, ~19.000 M$ en total); mercado entero",no,2025-10-10,https://www.bloomberg.com/news/articles/2025-10-10/crypto-sees-more-than-3-billion-in-liquidations-in-past-hour,alta
DOT,2021-06-22 14:00,-27.2,bajada,regulatorio,Ofensiva de China contra cripto/mineria empuja BTC bajo 30k por primera vez desde enero; altcoins caen mas que BTC. Mercado entero. (Nota: DOT en Coinbase tuvo movimientos atipicos por su lanzamiento en esas fechas),no,2021-06-21,https://www.aljazeera.com/economy/2021/6/22/bb-look-out-below-bitcoin-falls-below-30000,media
DOT,2021-09-08 08:00,-27.1,bajada,liquidaciones_mercado,"Flash crash del 7-sep-2021 (-400.000 M$ de capitalizacion, BTC -15%): 'buy the rumor sell the news' del dia de BTC en El Salvador, fallos del monedero Chivo, aviso de JPMorgan sobre altcoins y caidas/retrasos en Coinbase, Kraken y Gemini",no,2021-09-07,https://www.forbes.com/sites/jonathanponciano/2021/09/07/crypto-flash-crash-wipes-out-400-billion-in-market-value-on-el-salvadors-bitcoin-day/,alta
DOT,2021-02-24 09:00,26.1,subida,sin_causa_identificada,"Sin causa verificable; probable rebote tras el descenso del 22-23 feb (Yellen), no confirmado",no,,,baja
DOT,2021-04-18 10:00,-25.8,bajada,liquidaciones_mercado,"Flash crash de BTC (~-12%) la noche del 17-abr-2021 atribuido a apalancamiento y liquidaciones en cascada; rumores (Turkia, Tesoro EE.UU., mineros chinos) descartados como causa por CoinDesk",no,2021-04-17,https://www.coindesk.com/podcasts/the-breakdown-with-nlw/no-bitcoins-flash-crash-wasnt-caused-by-turkey-or-money-laundering-or-china-or-any-other-fud,media
