activo,cierre_ventana_utc,ret_24h_pct,sentido,tipo,causa,especifico_del_activo(si/no),fecha_hora_noticia_utc,fuente_url,confianza
BTC,2018-01-17 16:00,-23.4,bajada,regulatorio,"Temor a prohibicion del trading cripto en Corea del Sur (declaracion del ministro de Justicia el 11-ene, contradicha por Finanzas; rumores reiterados). Movimiento de mercado entero; retraso de dias respecto a la declaracion original, atribucion no exacta a las 24 h.",no,2018-01-11,https://cryptoslate.com/cryptocurrency-markets-10-misleading-news-south-korea-trading-ban/,media
ETH,2018-01-17 16:00,-32.0,bajada,regulatorio,Igual que BTC: miedo a prohibicion en Corea del Sur; ETH arrastrado por el mercado entero (beta alta).,no,2018-01-11,https://cryptoslate.com/cryptocurrency-markets-10-misleading-news-south-korea-trading-ban/,media
BTC,2018-01-18 16:00,27.5,subida,sentimiento_o_redes,Rebote tras aclaraciones del gobierno surcoreano que rebajo la prohibicion (titular verificado; contenido detallado y hora no leidos). Mercado entero.,no,,https://www.investing.com/news/cryptocurrency-news/crypto-trading-ban-downplayed-by-south-korea-after-backlash-1242842,baja
ETH,2018-01-18 16:00,40.5,subida,sentimiento_o_redes,Rebote de mercado entero tras rebajarse el temor de prohibicion en Corea (no verificado en detalle).,no,,https://www.investing.com/news/cryptocurrency-news/crypto-trading-ban-downplayed-by-south-korea-after-backlash-1242842,baja
ETH,2018-02-02 12:00,-26.5,bajada,regulatorio,"Caida de mercado tras prohibir JPMorgan, BofA y Citi comprar cripto con tarjeta de credito (2-feb) y presion regulatoria. Especificidad ETH no verificada; BTC cayo tambien esos dias.",no,2018-02-02,https://www.cnbc.com/2018/02/05/credit-card-ban-regulator-scrutiny-latest-challenges-for-bitcoin.html,media
BTC,2018-02-06 05:00,-27.0,bajada,regulatorio,"Desplome del 5-feb: prohibicion de tarjetas por grandes bancos, citaciones CFTC a Bitfinex/Tether, escrutinio regulatorio y caida de ETF; mercado entero.",no,2018-02-02,https://www.cnbc.com/2018/02/05/credit-card-ban-regulator-scrutiny-latest-challenges-for-bitcoin.html,media
ETH,2018-02-06 05:00,-31.8,bajada,regulatorio,"Mismo desplome de mercado del 5-feb (tarjetas, Bitfinex/Tether, regulacion) arrastrando ETH.",no,2018-02-02,https://www.cnbc.com/2018/02/05/credit-card-ban-regulator-scrutiny-latest-challenges-for-bitcoin.html,media
BTC,2018-02-07 08:00,30.1,subida,sin_causa_identificada,Rebote tras capitulacion del 5-6 feb; no se encontro catalizador verificable (solo rebote tecnico probable).,no,,,baja
ETH,2018-02-07 08:00,36.3,subida,sin_causa_identificada,Rebote de mercado entero tras el desplome; sin catalizador verificable.,no,,,baja
BTC,2019-06-26 20:00,21.7,subida,sentimiento_o_redes,"Subida de ~39% en la semana hasta 13.852$ (max 17 meses); Bloomberg sugiere entrada de traders novatos, sin catalizador unico verificado.",si,2019-06-26,https://www.bloomberg.com/news/articles/2019-06-27/a-1-800-drop-in-minutes-bitcoin-volatility-is-on-full-display,baja
BTC,2019-06-27 20:00,-21.7,bajada,hackeo_o_fallo,Caida de ~1.800$ en ~10 min hacia las 16:30 NY (20:30 UTC del 26-jun) coincidiendo con caida del sitio de Coinbase; causalidad no confirmada por la fuente; corrige el rally previo.,si,2019-06-26 20:30,https://www.bloomberg.com/news/articles/2019-06-27/a-1-800-drop-in-minutes-bitcoin-volatility-is-on-full-display,baja
BTC,2019-10-26 02:00,35.5,subida,regulatorio,"Discurso de Xi Jinping (25-oct) apoyando la tecnologia blockchain: BTC subio hasta ~10.300$ el sabado. Tono pro-blockchain, no pro-BTC; altcoins no verificadas.",no,2019-10-25,https://www.cnbc.com/2019/10/28/bitcoin-btc-price-climbs-as-chinas-xi-jinping-embraces-blockchain.html,alta
BTC,2020-03-13 02:00,-45.2,bajada,macro,Jueves negro COVID: venta global de activos de riesgo agravada por cascada de liquidaciones (motor de liquidacion de BitMEX): 5.800 a 3.900$ entre 23:00 y 02:15 UTC. Mercado entero.,no,2020-03-12 23:00,https://coinmetrics.substack.com/p/coin-metrics-state-of-the-network-bf8,alta
ETH,2020-03-13 02:00,-47.0,bajada,macro,Mismo evento: COVID + cascada de liquidaciones; mercado entero.,no,2020-03-12 23:00,https://coinmetrics.substack.com/p/coin-metrics-state-of-the-network-bf8,alta
BTC,2020-03-14 02:00,30.8,subida,liquidaciones_mercado,Rebote: a las 02:16 UTC BitMEX sufrio un DDoS y su motor de liquidacion (mayor vendedor) desaparecio; precio subio a ~5.300$ tras capitulacion.,no,2020-03-13 02:16,https://coinmetrics.substack.com/p/coin-metrics-state-of-the-network-bf8,media
ETH,2020-03-14 02:00,36.8,subida,liquidaciones_mercado,Mismo rebote de mercado entero tras fin de la cascada de liquidaciones/BitMEX caido.,no,2020-03-13 02:16,https://coinmetrics.substack.com/p/coin-metrics-state-of-the-network-bf8,media
BTC,2020-03-20 11:00,22.8,subida,sin_causa_identificada,Rebote fuerte desde minimos del 18-19 mar; busquedas no dieron catalizador verificable.,no,,,baja
ETH,2021-01-04 07:00,38.8,subida,sin_causa_identificada,"ETH +24% en un dia acercandose a 1.000$; fuente cita apetito comprador y billeteras en beneficio, sin noticia concreta. BTC no aparece en el detector ese dia (posible especifico de ETH).",si,,https://nairametrics.com/2021/01/04/ethereum-on-a-rampage-fast-approaching-1000/,baja
BTC,2021-01-11 16:00,-20.6,bajada,sentimiento_o_redes,"Caida -20% sin evento especifico segun Fortune: toma de beneficios tras subir de 20k a 40k+, retroceso de bolsas y dolar al alza. Mercado entero.",no,2021-01-11,https://fortune.com/2021/01/11/bitcoin-plunge-worst-crash-march-bubble/,media
ETH,2021-01-11 17:00,-26.1,bajada,sentimiento_o_redes,"Mismo retroceso de mercado entero (toma de beneficios, dolar, bolsas); ETH con beta mayor.",no,2021-01-11,https://fortune.com/2021/01/11/bitcoin-plunge-worst-crash-march-bubble/,media
BTC,2021-02-09 07:00,23.3,subida,listado_o_producto,"Tesla anuncia compra de 1.500 M$ en BTC y que aceptara pagos (8-feb, presentacion 8-K).",si,2021-02-08,https://www.cnbc.com/2021/02/08/tesla-buys-1point5-billion-in-bitcoin.html,alta
BTC,2021-05-19 13:00,-22.8,bajada,regulatorio,"Banco central de China prohibe a entidades financieras y pagos servicios cripto (18-19 may), tras la suspension de pagos con BTC de Tesla/Musk (12-may); 8.000 M$ liquidados en 24 h. Mercado entero.",no,2021-05-18,https://beincrypto.com/crypto-market-crash-of-may-19/,alta
ETH,2021-05-20 01:00,-33.3,bajada,regulatorio,Mismo evento: prohibicion PBoC + Musk + liquidaciones masivas (>800.000 cuentas); mercado entero.,no,2021-05-18,https://beincrypto.com/crypto-market-crash-of-may-19/,alta
BTC,2021-05-20 13:00,22.9,subida,liquidaciones_mercado,Rebote tras la purga de apalancamiento del 19-may (BTC recupera ~43k el 20-may); analistas lo llaman correccion saludable; sin catalizador unico.,no,2021-05-19,https://beincrypto.com/crypto-market-crash-of-may-19/,baja
ETH,2021-05-21 01:00,30.0,subida,liquidaciones_mercado,Rebote de mercado entero tras la purga del 19-may; sin catalizador especifico.,no,2021-05-19,https://beincrypto.com/crypto-market-crash-of-may-19/,baja
ETH,2021-05-24 20:00,34.5,subida,sin_causa_identificada,"Rebote tras nuevos minimos del fin de semana (23-may, BTC bajo 32k); articulo de CNBC no accesible (403), sin causa verificada.",no,,https://www.cnbc.com/amp/2021/05/24/bitcoin-ethereum-attempt-positive-start-to-week-after-wild-plunges.html,baja
ETH,2022-05-12 06:00,-23.9,bajada,hackeo_o_fallo,"Colapso de TerraUSD/LUNA (desanclaje 7-10 may, LFG vendio BTC); contagio a todo el mercado, aunque Chainalysis dice que la caida general tambien seguia a la tecnologia.",no,2022-05-10,https://www.chainalysis.com/blog/how-terrausd-collapsed/,media
BTC,2022-06-14 02:00,-19.0,bajada,hackeo_o_fallo,"Celsius congela retiros (12-jun) y Binance pausa retiros de BTC (13-jun); miedo a contagio 3AC; BTC -8% a 25.287$ tras la noticia, mas subida de tipos/inflacion.",no,2022-06-12,https://www.cnbc.com/2022/06/13/crypto-lender-celsius-pauses-withdrawals-bitcoin-slides.html,alta
ETH,2022-06-19 21:00,26.5,subida,sentimiento_o_redes,Rebote tras romper BTC los 20k; CoinDesk cita compradores en efectivo esperando; sin catalizador concreto. Mercado entero.,no,2022-06-19,https://www.coindesk.com/markets/2022/06/19/bitcoin-rebounds-past-20k-ether-soars-above-1100,baja
ETH,2022-11-09 17:00,-24.1,bajada,hackeo_o_fallo,"Crisis de FTX/Alameda: colapso de FTT y Binance abandona el rescate de FTX (9-nov). Mercado entero, BTC a minimos de 2 anos.",no,2022-11-09,https://www.cnbc.com/2022/11/09/binance-backs-out-of-ftx-rescue-leaving-the-crypto-exchange-on-the-brink-of-collapse.html,alta
BTC,2024-08-05 13:00,-18.4,bajada,macro,Cierre del carry trade del yen tras alza del BoJ: hundimiento del Nikkei y venta global (BIS lo documenta). Mercado entero.,no,2024-08-05,https://www.bis.org/publ/bisbull90.pdf,alta
ETH,2025-05-09 09:00,24.8,subida,tecnico_o_protocolo,"Actualizacion Pectra activa el 7-may, acuerdo comercial EEUU-RU el 8-may y short squeeze; analistas: movimiento en buena parte de posicionamiento/sentimiento. ETH rezagado vs BTC (pent-up).",si,2025-05-07,https://www.dlnews.com/articles/markets/ether-explodes-as-pectra-upgrade-excites-investors/,media
DOGE,2021-01-29 04:00,940.5,subida,sentimiento_o_redes,"Pump minorista coordinado en Reddit (r/SatoshiStreetBets, contagio de GameStop/WSB); tweets de Musk sobre Doge. La biografia #bitcoin de Musk fue posterior",si,2021-01-28,https://www.coindesk.com/markets/2021/01/28/wallstreetbets-fever-hits-dogecoin-price-soars-142,alta
DOGE,2021-04-16 14:00,191.6,subida,sentimiento_o_redes,"Rally a maximos previo a Doge Day (20-abr), hype minorista y Musk; listado de Coinbase (14-abr) es de BTC/acciones no de DOGE",si,2021-04-16,https://fortune.com/2021/04/16/dogecoin-price-elon-musk-wallstreetbets-reddit-news-record-high-crypto,media
DOGE,2021-01-02 19:00,127.6,subida,sin_causa_identificada,No se encontro noticia verificable para +127% el 1-2 ene 2021 (probable arranque del rally minorista/altcoins de enero),si,,,baja
DOGE,2020-07-08 21:00,77.0,subida,sentimiento_o_redes,Reto viral de TikTok #DogecoinChallenge intentando llevar DOGE a 1 USD; volumen +1900% en 2 dias,si,2020-07-07/08,https://www.coindesk.com/markets/2020/07/08/dogecoin-volumes-spike-1900-in-2-days-amid-viral-tiktok-videos,alta
DOGE,2021-02-04 12:00,67.6,subida,sentimiento_o_redes,"Musk tweet ""Dogecoin is the people's crypto"" (hora exacta del tweet no verificada frente al cierre de ventana)",si,2021-02-04,https://news.bitcoin.com/doge-token-pumps-after-elon-musk-tweets-dogecoin-is-the-peoples-crypto/,media
DOGE,2022-10-30 06:00,64.0,subida,sentimiento_o_redes,Cierre de la compra de Twitter por Musk (27-oct); DOGE se disparo (+70%) por especulacion de integracion/pagos,si,2022-10-27/30,https://news.slashdot.org/story/22/10/30/0244210/dogecoin-surges-70-after-elon-musks-twitter-deal,alta
DOGE,2021-01-30 04:00,-60.8,bajada,sentimiento_o_redes,"Reversion del pump del dia anterior (venta tras el pico de la burbuja Reddit); sin noticia nueva identificada, solo el desinflado del pump",si,2021-01-29,https://www.cnbc.com/2021/01/29/dogecoin-cryptocurrency-rises-over-400percent-after-reddit-group-talks-it-up.html,media
DOGE,2021-05-05 06:00,56.9,subida,sentimiento_o_redes,Anticipacion de Musk presentando SNL (8-may) y hype minorista; analistas lo atribuyen a SNL,si,2021-05-04,https://www.cnbc.com/2021/05/04/dogecoins-price-is-rising-ahead-of-elon-musks-snl-appearance-.html,alta
DOGE,2024-11-12 09:00,54.3,subida,sentimiento_o_redes,"Rally posterior a victoria electoral de Trump con Musk como aliado. El anuncio oficial del Departamento DOGE fue el 12-nov, posterior al cierre de ventana, asi que no es la causa de este movimiento (si de la continuacion)",si,2024-11-06/11,https://www.cnbc.com/2024/11/13/dogecoin-surges-20percent-after-trump-announces-a-department-of-government-efficiency-doge.html,media
DOGE,2021-05-19 13:00,-42.1,bajada,regulatorio,"Crash de mercado entero (BTC arrastra, ~1 billon USD borrado): China prohibe cripto a bancos/pagos, Musk/Tesla y liquidaciones en cascada",no,2021-05-18/19,https://amp.cnn.com/cnn/2021/05/22/investing/crypto-crash-bitcoin-regulation,alta
DOGE,2021-05-09 13:00,-40.8,bajada,sentimiento_o_redes,"Venta de la noticia: DOGE cae durante/tras el SNL de Musk (llamo a Doge ""hustle""). Tesla-Bitcoin del catalogo fue el 12-may, fuera de ventana",si,2021-05-09 03:30,https://www.nbcnews.com/news/us-news/dogecoin-plunges-nearly-30-percent-during-elon-musk-s-snl-n1266774,alta
DOGE,2021-06-21 23:00,-40.3,bajada,regulatorio,Caida de mercado entero por endurecimiento chino (cierre de mineria en Sichuan y presion bancaria); BTC bajo 30k,no,2021-06-21,https://www.cnbc.com/2021/06/21/bitcoin-btc-price-drops-on-china-crypto-mining-crackdown.html,alta
DOGE,2020-03-13 02:00,-33.7,bajada,macro,"Crash COVID (Jueves Negro): venta global de activos de riesgo, BTC arrastra a todo el mercado; URL referencial no verificada por busqueda",no,2020-03-12,https://en.wikipedia.org/wiki/2020_stock_market_crash,media
DOGE,2022-05-12 06:00,-33.0,bajada,hackeo_o_fallo,"Colapso de UST/LUNA, contagio a todo el mercado; URL referencial no verificada por busqueda",no,2022-05-11,https://en.wikipedia.org/wiki/Terra_(blockchain),alta
DOGE,2021-01-04 12:00,-32.8,bajada,liquidaciones_mercado,Correccion de mercado (BTC cae desde ~34k el 3-4 ene) mas reversion del spike del 2-ene; no verificado con fuente,no,2021-01-03/04,,baja
DOGE,2021-04-17 14:00,-32.1,bajada,sin_causa_identificada,Caida del 32% tras el pico del 16-abr; no se encontro fuente verificable especifica (probable toma de beneficios/liquidaciones tras parabola),si,,,baja
ADA,2025-03-03 00:00,72.3,subida,regulatorio,"Trump anuncia reserva estrategica cripto citando XRP, SOL y ADA",si,2025-03-02,https://www.coindesk.com/markets/2025/03/04/ada-xrp-sol-dive-21-to-reverse-all-gains-from-trump-s-strategic-reserve-plans,alta
ADA,2021-05-20 13:00,56.4,subida,liquidaciones_mercado,Rebote tras el crash del 19-may (mercado entero); sin catalizador propio de ADA verificado,no,2021-05-19/20,https://amp.cnn.com/cnn/2021/05/22/investing/crypto-crash-bitcoin-regulation,baja
ADA,2024-11-10 13:00,45.4,subida,sentimiento_o_redes,Hoskinson dice que asesora politica cripto de EEUU/Trump; ADA +35% tras elecciones,si,2024-11-10,https://www.coindesk.com/markets/2024/11/10/cardanos-ada-rockets-35-as-hoskinson-says-hes-helping-us-crypto-policy,alta
ADA,2020-03-13 02:00,-43.1,bajada,macro,Crash COVID (Jueves Negro); mercado entero; URL referencial no verificada por busqueda,no,2020-03-12,https://en.wikipedia.org/wiki/2020_stock_market_crash,media
ADA,2022-05-13 06:00,42.1,subida,liquidaciones_mercado,Rebote tecnico tras la capitulacion de UST/LUNA del 12-may; sin noticia propia de ADA verificada,no,2022-05-12/13,,baja
ADA,2021-05-19 13:00,-39.5,bajada,regulatorio,"Crash de mercado entero: China prohibe cripto a instituciones financieras, Musk/Tesla y liquidaciones (~1 billon USD)",no,2021-05-18/19,https://amp.cnn.com/cnn/2021/05/22/investing/crypto-crash-bitcoin-regulation,alta
ADA,2021-01-06 14:00,37.0,subida,sin_causa_identificada,No se encontro causa verificable del +37% (rally general de altcoins en enero 2021),si,,,baja
ADA,2021-02-27 06:00,35.1,subida,tecnico_o_protocolo,"Probable expectativa del hard fork Mary (multi-activo, 1-mar) y rally de altcoins; ADA triplico en febrero. No verificado que 27-feb concreto",si,2021-02-27,https://forkast.news/cardano-transitions-multi-asset-blockchain-ada-price-surge/,baja
ADA,2024-11-23 01:00,35.1,subida,sentimiento_o_redes,"Continuacion del rally post-electoral: ADA a maximo de 2,5 anos (~0,90 USD) con acumulacion de ballenas; catalizador puntual no verificado",si,2024-11-22,https://www.coindesk.com/markets/2024/11/22/cardanos-ada-leaps-to-25-year-high-of-90-cents-as-whale-holdings-exceed-12b,media
ADA,2021-05-24 20:00,34.9,subida,liquidaciones_mercado,Rebote de mercado tras los minimos del 23-may; sin catalizador propio verificado,no,2021-05-23/24,,baja
ADA,2022-05-12 06:00,-34.8,bajada,hackeo_o_fallo,"Colapso de UST/LUNA, contagio a todo el mercado; URL referencial no verificada por busqueda",no,2022-05-11,https://en.wikipedia.org/wiki/Terra_(blockchain),alta
ADA,2025-02-03 02:00,-31.2,bajada,macro,"Aranceles de Trump a Canada/Mexico/China: 2.200 M USD de liquidaciones, mercado entero (BTC, ETH, XRP, DOGE tambien)",no,2025-02-01/03,https://www.coindesk.com/markets/2025/02/03/xrp-dogecoin-plunge-25-as-crypto-liquidations-cross-usd2-2b-on-tariffs-led-dump,alta
ADA,2025-03-04 02:00,-27.7,bajada,regulatorio,"Reversion completa de las ganancias de la reserva estrategica (venta de la noticia; aranceles a Canada/Mexico en vigor el 4-mar, esto ultimo no verificado)",si,2025-03-03/04,https://www.coindesk.com/markets/2025/03/04/ada-xrp-sol-dive-21-to-reverse-all-gains-from-trump-s-strategic-reserve-plans,media
ADA,2021-05-23 17:00,-26.9,bajada,liquidaciones_mercado,"Nueva pata bajista del crash de mayo 2021 (BTC ~31k), mercado entero, tras la prohibicion china",no,2021-05-22/23,https://amp.cnn.com/cnn/2021/05/22/investing/crypto-crash-bitcoin-regulation,media
ADA,2020-11-26 19:00,-25.2,bajada,liquidaciones_mercado,BTC se desploma ~3.000 USD desde cerca de maximos historicos (Thanksgiving massacre); mercado entero,no,2020-11-26,https://www.cnbc.com/2020/11/26/bitcoin-plunges-by-nearly-3000-after-closing-in-on-its-all-time-record.html,alta
ADA,2021-06-22 14:00,-24.3,bajada,regulatorio,"Crackdown chino (mineria y bancos): 400 mM USD borrados del mercado, mercado entero",no,2021-06-21/22,https://www.cnbc.com/amp/2021/06/22/china-crypto-crackdown-wipes-nearly-300-billion-off-market-btc-slides.html,alta
LINK,2020-03-13 02:00,-52.2,bajada,macro,Jueves negro COVID: venta global de activos de riesgo; BTC -~40% el mismo dia. Movimiento de mercado entero (LINK amplifica por beta alta),no,2020-03-12,https://cointelegraph.com/news/bitcoin-utxo-march-2020-crash-new-research,alta
LINK,2021-05-24 20:00,47.5,subida,sentimiento_o_redes,Rebote de mercado entero: compra institucional/ballenas de la caida y Bitcoin Mining Council tras reunion de Musk con mineros,no,2021-05-24,https://www.coinbase.com/learn/market-updates/this-week-in-crypto-5-24,media
LINK,2020-03-14 02:00,46.6,subida,macro,Rebote tecnico de mercado entero tras el capitulacion del 12-13 mar; sin noticia propia de LINK,no,2020-03-13,https://cointelegraph.com/news/bitcoin-utxo-march-2020-crash-new-research,media
LINK,2021-05-20 01:00,-42.9,bajada,regulatorio,"Crackdown de China: prohibicion a bancos/pagos y minado, sumado a Musk/Tesla dejando BTC; caida de mercado entero",no,2021-05-18,https://www.aljazeera.com/amp/economy/2021/5/21/bitcoin-ends-week-in-freefall-as-china-warns-of-crypto-crackdown,alta
LINK,2020-08-08 19:00,38.4,subida,liquidaciones_mercado,"Short squeeze: cortos on-chain (p.ej. en Aave, ~20 M$) liquidados al superar 14$; LINK +52% diario, record historico 13,66$. Especifico de LINK",si,2020-08-08,https://www.fxstreet.com/cryptocurrencies/news/chainlink-price-forecast-link-usd-consolidates-the-52-surge-to-record-highs-of-1366-202008090759,alta
LINK,2024-12-02 21:00,35.1,subida,sentimiento_o_redes,"Rally de altcoins (""altseason"") con BTC consolidando ~90k; volumen LINK +950%. No hay catalizador propio verificado en 1-2 dic (las compras de World Liberty Financial fueron ~12 dic, posteriores). OJO: el catalogo lo liga a BTC>100k, que fue ~5 dic",si,2024-12-02,https://www.cryptotimes.io/2024/12/03/chainlink-link-jumps-30-in-24h-hits-yearly-high/,baja
LINK,2021-05-23 17:00,-33.1,bajada,liquidaciones_mercado,"Desplome de fin de semana (BTC ~31k): Liu He pide reprimir minado/trading en China, Tesla deja BTC, Tesoro US exigira reportar >10k$; cascada de liquidaciones. Mercado entero",no,2021-05-21,https://www.coinbase.com/learn/market-updates/this-week-in-crypto-5-24,media
LINK,2022-05-12 06:00,-33.1,bajada,hackeo_o_fallo,Colapso de UST/LUNA (depeg): contagio a todo el mercado y a prestamos cripto. Mercado entero,no,2022-05-11,https://www.coindesk.com/markets/2022/05/12/first-mover-asia-terras-planetary-collapse-is-taking-down-crypto-lending-altcoins-plummet,alta
LINK,2020-09-24 21:00,32.7,subida,listado_o_producto,"LINK +30% tras 6 semanas de caida y soporte 7-8$: rebote con BTC (+5% a 10.750$), subida de DeFi y anuncio de integracion Travala.com. Causa mixta",si,2020-09-24,https://cointelegraph.com/news/chainlink-up-30-following-six-week-downtrend-and-developer-selloff,media
LINK,2020-08-13 03:00,32.6,subida,sentimiento_o_redes,Continuacion del momentum/fiebre DeFi-LINK con nuevos maximos historicos (~16-17$); no se hallo catalizador puntual verificable,si,2020-08-12,https://u.today/chainlink-link-price-jumps-11-as-holders-crush-all-time-high,baja
LINK,2021-05-21 01:00,32.0,subida,sentimiento_o_redes,Rebote de mercado entero (compra de la caida) tras el desplome del 19-20 mayo; sin catalizador propio de LINK. Fuente: contexto semanal,no,2021-05-20,https://www.coinbase.com/learn/market-updates/this-week-in-crypto-5-24,media
LINK,2020-03-20 09:00,30.0,subida,sin_causa_identificada,Rebote +30% sin noticia verificable; probable rebote tecnico post-crash de mercado pero no hallada fuente que lo explique,no,,,baja
LINK,2021-02-23 09:00,-29.9,bajada,macro,"Caida de mercado entero (BTC -15%): Yellen llama a BTC activo muy especulativo, RSI sobrecomprado y subida de yields reales. Liquidaciones DeFi ~-8%",no,2021-02-22,https://www.coindesk.com/markets/2021/02/22/bitcoin-briefly-drops-below-48k-as-analysts-say-rally-overdone-yellen-comments,alta
LINK,2020-03-16 11:00,-29.4,bajada,macro,Nueva venta global el 15-16 mar (Fed recorta a ~0% y bolsas caen limit-down); BTC cae bajo 5.000$ pese al recorte. Mercado entero,no,2020-03-15,https://finance.yahoo.com/news/bitcoin-news-roundup-march-16-160000154.html,media
LINK,2022-11-09 17:00,-28.6,bajada,hackeo_o_fallo,Binance abandona la compra de FTX y FTX queda insolvente: desplome de mercado entero,no,2022-11-09,https://www.forbes.com/sites/dereksaul/2022/11/09/binance-reportedly-bails-on-ftx-acquisition---heres-what-led-to-the-ftx-crypto-crash/,alta
LINK,2024-08-05 13:00,-28.5,bajada,macro,"Cierre del carry trade del yen: Nikkei peor dia desde 1987, venta global de riesgo; BTC y altcoins liquidados. Mercado entero",no,2024-08-05,https://www.bis.org/publications/bulletin-90-market-turbulence-and-carry-trade-unwind-august-2024.pdf,alta
LTC,2018-01-18 16:00,46.1,subida,sentimiento_o_redes,Rebote fuerte de mercado entero tras la caida bajo 10k; sin catalizador propio de LTC verificado,no,2018-01-18,https://gulfnews.com/amp/story/your-money%2Fcryptocurrency%2Fbitcoin-storms-back-from-dip-below-10000-1.2159188,baja
LTC,2020-03-14 02:00,44.9,subida,macro,Rebote tecnico de mercado entero tras la capitulacion del 12-13 mar; sin noticia propia de LTC,no,2020-03-13,https://cointelegraph.com/news/bitcoin-utxo-march-2020-crash-new-research,media
LTC,2020-03-13 02:00,-44.2,bajada,macro,Jueves negro COVID: venta global de activos de riesgo; mercado entero,no,2020-03-12,https://cointelegraph.com/news/bitcoin-utxo-march-2020-crash-new-research,alta
LTC,2021-05-19 13:00,-43.7,bajada,regulatorio,Crackdown de China (bancos/minado) y giro de Musk con Tesla; caida de mercado entero,no,2021-05-18,https://www.aljazeera.com/amp/economy/2021/5/21/bitcoin-ends-week-in-freefall-as-china-warns-of-crypto-crackdown,alta
LTC,2019-04-03 03:00,39.7,subida,sin_causa_identificada,Subida repentina de BTC (~+18%) el 2 abr 2019 sin noticia clara; Bloomberg lo describe como rally repentino. LTC arrastrado por el mercado entero. Causa raiz no verificada (especulado short squeeze/compras grandes),no,2019-04-02,https://www.bloomberg.com/news/articles/2019-04-03/bitcoin-hits-fresh-2019-high-as-sudden-rally-shows-staying-power,baja
LTC,2018-02-04 06:00,38.6,subida,sin_causa_identificada,"LTC +38,6% en fin de semana; no encontrada causa verificable (posible rebote tecnico tras el minimo de enero/inicios feb)",si,,,baja
LTC,2021-05-24 20:00,38.2,subida,sentimiento_o_redes,Rebote de mercado entero: compra institucional de la caida y Bitcoin Mining Council tras reunion de Musk con mineros,no,2021-05-24,https://www.coinbase.com/learn/market-updates/this-week-in-crypto-5-24,media
LTC,2018-02-07 08:00,36.9,subida,sentimiento_o_redes,Rebote de mercado entero tras el minimo del 6 feb; sin catalizador propio verificado,no,,https://www.nbcnews.com/tech/internet/bitcoin-loses-more-half-its-value-amid-crypto-crash-n844056,baja
LTC,2018-02-15 01:00,36.4,subida,listado_o_producto,"LitePay anuncia lanzamiento el 26 feb (tuit) y LTC lidera el rebote (+30%, BTC +8%). Especifico de LTC",si,2018-02-14,https://www.nasdaq.com/articles/litecoin-price-surge-sparked-litepay-tweet-2018-02-15,alta
LTC,2019-02-09 08:00,34.0,subida,tecnico_o_protocolo,Litecoin Foundation y Beam anuncian explorar MimbleWimble (privacidad) en LTC; LTC sube a 4o puesto por capitalizacion (Forbes reporta +10% inicial; el +34% en 24 h es mayor que lo citado),si,2019-02-08,https://www.forbes.com/sites/billybambrough/2019/02/08/litecoin-is-surging-boosting-ethereum-ripples-xrp-and-bitcoin-heres-why/,media
LTC,2018-01-17 16:00,-32.6,bajada,regulatorio,Caida de mercado entero (BTC <10.000$) por temores regulatorios: prohibicion de trading en Corea del Sur y otras presiones asiaticas,no,2018-01-16,https://techcrunch.com/2018/01/17/bitcoin-drops-below-10k-after-three-days-of-cryptocurrency-correction/,media
LTC,2018-02-06 05:00,-30.2,bajada,macro,Desplome de mercado entero el 5-6 feb (BTC ~6.000$) coincidiendo con la venta en bolsas (Dow -1.175 pts el 5 feb). Fuente generica sobre la crisis; vinculo con bolsas no verificado en fuente primaria,no,2018-02-05,https://en.wikipedia.org/wiki/Cryptocurrency_bubble,baja
LTC,2022-05-12 06:00,-29.0,bajada,hackeo_o_fallo,Colapso de UST/LUNA (depeg): contagio a todo el mercado. Mercado entero,no,2022-05-11,https://www.coindesk.com/markets/2022/05/12/first-mover-asia-terras-planetary-collapse-is-taking-down-crypto-lending-altcoins-plummet,alta
LTC,2021-01-11 17:00,-28.7,bajada,liquidaciones_mercado,Correccion brusca de mercado entero tras maximos de inicio de ano (BTC ~42k a ~35k) con liquidaciones en cascada; fuente exacta del dia no verificada,no,2021-01-11,https://finance.yahoo.com/news/9-biggest-bitcoin-crashes-history-165617173.html,baja
LTC,2021-05-23 17:00,-28.4,bajada,liquidaciones_mercado,"Desplome de fin de semana (BTC ~31k): Liu He pide reprimir minado/trading en China, Tesla deja BTC, Tesoro US exigira reportar >10k$; cascada de liquidaciones. Mercado entero",no,2021-05-21,https://www.coinbase.com/learn/market-updates/this-week-in-crypto-5-24,media
LTC,2025-10-11 14:00,-27.9,bajada,liquidaciones_mercado,"Arancel del 100% de Trump a China (10 oct) desata ~19.000 M$ de liquidaciones, mayor de la historia. Mercado entero",no,2025-10-10,https://www.cnn.com/2025/10/11/business/trump-tariffs-crypto-selloff,alta
XLM,2021-01-06 14:00,100.8,subida,regulatorio,Rotacion desde XRP (demanda SEC vs Ripple 22-dic-2020) hacia XLM + ruling OCC sobre stablecoins/blockchains publicas + anuncio Stellar-Ucrania CBDC (Ucrania luego matizo que XLM no participaria). Semana de +100-180%; mercado alcista general de fondo,si,2021-01-06,https://finance.yahoo.com/news/stellar-xlm-token-rallies-2-120010759.html,media
XLM,2024-11-23 16:00,74.8,subida,regulatorio,Contagio de XRP (+51% a 1.10 USD) por especulacion de salida del presidente SEC Gensler y expectativas pro-cripto de la administracion Trump; mercado cripto entero en euforia (fear&greed 88). XLM historicamente correlacionado con XRP,si,2024-11-21,https://invezz.com/news/2024/11/23/heres-why-stellar-price-is-surging-and-why-xlm-may-slip-soon/,media
XLM,2020-11-24 05:00,73.8,subida,sin_causa_identificada,No se encontro noticia verificable especifica de XLM en esa ventana. Coincide con fase alcista general de BTC hacia maximos de 2017 (no verificado en fuente),no,,,baja
XLM,2023-07-13 20:00,69.4,subida,regulatorio,Sentencia de la jueza Torres (13-jul-2023): XRP no es valor en ventas programaticas/publicas; rally de XRP arrastra a XLM y al resto de altcoins,si,2023-07-13,https://cryptoticker.io/en/top-3-crypto-gainers-as-ripple-wins-the-sec-lawsuit/,alta
XLM,2024-11-16 22:00,59.8,subida,sentimiento_o_redes,"Sin noticia puntual verificada; contexto: rally post-eleccion USA con XRP liderando y XLM siguiendo (subida ~100% en la semana segun Coin Republic, volumen +51%, OI +21%). Causa concreta del dia no aislada",si,,https://www.thecoinrepublic.com/2024/11/22/stellar-xlm-price-soars-almost-100-in-a-week-whats-driving-the-surge/,baja
XLM,2021-05-20 13:00,53.4,subida,liquidaciones_mercado,"Rebote de todo el mercado tras el crash del 19-may-2021 (China/Musk/liquidaciones en cascada); la fila del catalogo describe la caida, esta ventana es el rebote. Mercado entero, no especifico",no,2021-05-19,https://www.aljazeera.com/economy/2021/5/19/crypto-wipe-out-bitcoin-ether-doge-all-plunge-lower,media
XLM,2021-01-29 05:00,48.6,subida,sentimiento_o_redes,"Pump coordinado por r/SatoshiStreetBets sobre XRP y XLM (XLM +64% el 27-ene segun Cointelegraph). OJO: el catalogo lo atribuye a Musk #bitcoin en bio, pero ese tuit fue el 29-ene y la ventana cierra a las 05:00 UTC, asi que probablemente es posterior",si,2021-01-27,https://cointelegraph.com/news/xrp-price-gains-86-after-wall-street-bets-crypto-wing-says-pump-it,media
XLM,2021-05-19 13:00,-48.2,bajada,liquidaciones_mercado,"Crash de todo el mercado: Musk critica energia de BTC y Tesla suspende pagos en BTC (12-may), PBoC reitera prohibicion a bancos, liquidaciones en cascada apalancadas; BTC -22%, ETH -40%",no,2021-05-19,https://www.aljazeera.com/economy/2021/5/19/crypto-wipe-out-bitcoin-ether-doge-all-plunge-lower,alta
XLM,2026-05-30 03:00,44.9,subida,listado_o_producto,Anuncio DTCC + Stellar Development Foundation (27-may-2026) de tokenizar activos en Stellar; XLM +15% ese dia mientras el mercado caia. Nota: el pico de +45% llega 2-3 dias despues; el nexo causal con el total de la ventana no esta plenamente verificado (pagina MEXC con dato +24% dia 30-may inaccesible),si,2026-05-27,https://www.cryptotimes.io/2026/05/28/why-is-stellar-xlm-up-today-while-the-crypto-market-crashes/,media
XLM,2020-03-13 02:00,-39.2,bajada,macro,"Jueves negro del COVID-19: venta global de activos de riesgo, BTC ~-40% en el dia",no,2020-03-12,https://en.wikipedia.org/wiki/2020_stock_market_crash,alta
XLM,2020-11-26 19:00,-29.9,bajada,sin_causa_identificada,No se encontro causa verificable; parece correccion tras el rally de noviembre 2020 (+73% dos dias antes). Sin fuente,no,,,baja
XLM,2021-02-23 09:00,-28.5,bajada,macro,"Comentarios de la secretaria del Tesoro Yellen del 22-feb (BTC 'altamente especulativo', ineficiente y con gasto energetico) + subida de rendimientos reales + sobrecompra tras rally 30k-58k. Mercado entero",no,2021-02-22,https://www.coindesk.com/markets/2021/02/22/bitcoin-briefly-drops-below-48k-as-analysts-say-rally-overdone-yellen-comments,media
XLM,2025-02-03 02:00,-26.9,bajada,macro,"Aranceles de Trump a Canada, Mexico y China (anunciados 1-feb) provocan caida de todo el mercado y ~2.200 M$ en liquidaciones; ETH -20%, XRP -22%. La fuente no cita XLM explicitamente",no,2025-02-01,https://www.financemagnates.com/cryptocurrency/america-first-crypto-later-ether-xrp-doge-plunge-20-amid-trumps-tariffs/,alta
XLM,2022-05-12 06:00,-26.3,bajada,hackeo_o_fallo,Colapso de TerraUSD/LUNA (perdida de paridad de UST); contagio y venta forzada en todo el mercado,no,2022-05-11,https://corpgov.law.harvard.edu/2023/05/22/anatomy-of-a-run-the-terra-luna-crash/,alta
XLM,2021-05-23 17:00,-25.7,bajada,liquidaciones_mercado,"Nuevo tramo del crash de mayo 2021 (referencia 19-may, 23-may y 21-jun): China restringe mineria/bancos, Tesla revierte BTC, cascada de liquidaciones. Mercado entero; detalle del 23-may no aislado",no,2021-05-23,https://it.tradingview.com/chart/BTCUSD/CEqBXflZ-Largest-BTC-Dump-Case-Study-May-June-2021,media
XLM,2021-01-11 07:00,-25.4,bajada,liquidaciones_mercado,Caida de BTC >20% (de ~41k a ~33k) por toma de beneficios sin evento concreto ('sin catalizador' segun Fortune) y dolar mas fuerte; XLM venia de +180% semanal. Mercado entero y desapalancamiento,no,2021-01-11,https://fortune.com/2021/01/11/bitcoin-plunge-worst-crash-march-bubble/,media
DOT,2021-05-24 17:00,44.9,subida,liquidaciones_mercado,Rebote tras el suelo del crash del 23-may-2021 (BTC/mercado entero). No se hallo noticia especifica de DOT,no,,https://it.tradingview.com/chart/BTCUSD/CEqBXflZ-Largest-BTC-Dump-Case-Study-May-June-2021,baja
DOT,2021-05-20 01:00,-43.4,bajada,liquidaciones_mercado,"Crash 19-may-2021 de todo el mercado: Musk/Tesla, China y liquidaciones en cascada",no,2021-05-19,https://www.aljazeera.com/economy/2021/5/19/crypto-wipe-out-bitcoin-ether-doge-all-plunge-lower,alta
DOT,2021-01-14 01:00,43.0,subida,tecnico_o_protocolo,Seguimiento del rally de BTC (hacia 37k) + avance parachains (Plasm conecta a testnet Rococo V1 el 13-ene) + actividad de desarrollo en GitHub; DOT paso a 5a cripto por capitalizacion. Mezcla mercado y factores propios,si,2021-01-13,https://coingape.com/polkadot-dot-shoots-40-above-11-30-to-become-the-fifth-largest-crypto-leaving-behind-litecoin-ltc/,media
DOT,2022-05-13 14:00,42.9,subida,sin_causa_identificada,"Sin causa verificable. Posible rebote post-Terra, pero el precio de cierre 11.59 USD parece inconsistente con ~7.6 de la fila del 12-may (posible anomalia/mecha del dato Kraken, revisar OHLC). No confirmado",no,,,baja
DOT,2024-11-24 01:00,41.6,subida,listado_o_producto,"FIFA anuncia FIFA Rivals (Mythical Games) sobre Polkadot + triple suelo en 4 USD, subida de comisiones y usuarios, dentro de rally alcista general",si,2024-11-23,https://invezz.com/news/2024/11/24/heres-why-the-polkadot-and-kusama-prices-are-soaring/,media
DOT,2026-02-25 22:00,39.5,subida,listado_o_producto,Solicitud de ETF de Polkadot por Grayscale + discurso del Estado de la Union de Trump; The Defiant lo liga ademas a la anticipacion del halving/recorte de oferta (fuentes discrepan; CCN sube de 1.24 a 1.60),si,2026-02-25,https://www.ccn.com/analysis/crypto/polkadot-march-14-supply-dot-coin-price-chance/,media
DOT,2021-05-23 17:00,-33.3,bajada,liquidaciones_mercado,"Tramo del crash de mayo 2021 de todo el mercado (China, Tesla, apalancamiento); detalle especifico del 23-may no aislado",no,2021-05-23,https://it.tradingview.com/chart/BTCUSD/CEqBXflZ-Largest-BTC-Dump-Case-Study-May-June-2021,media
DOT,2021-05-21 01:00,33.0,subida,liquidaciones_mercado,"Rebote de mercado tras el crash del 19-may; el catalogo asocia el evento chino pero es la caida, no este rebote. Sin noticia especifica de DOT",no,,https://www.aljazeera.com/economy/2021/5/19/crypto-wipe-out-bitcoin-ether-doge-all-plunge-lower,baja
DOT,2022-05-12 06:00,-31.2,bajada,hackeo_o_fallo,Colapso de TerraUSD/LUNA con contagio a todo el mercado,no,2022-05-11,https://corpgov.law.harvard.edu/2023/05/22/anatomy-of-a-run-the-terra-luna-crash/,alta
DOT,2020-12-29 03:00,29.6,subida,sin_causa_identificada,"Sin noticia verificada en la ventana; Coingape indica que DOT seguia el rally de BTC desde el 28-dic (impulso de mercado, no confirmado como causa)",no,,https://coingape.com/polkadot-dot-shoots-40-above-11-30-to-become-the-fifth-largest-crypto-leaving-behind-litecoin-ltc/,baja
DOT,2025-02-03 02:00,-29.1,bajada,macro,"Aranceles de Trump a Canada/Mexico/China; ~2.200 M$ liquidados, caida generalizada de altcoins. La fuente no cita DOT",no,2025-02-01,https://www.financemagnates.com/cryptocurrency/america-first-crypto-later-ether-xrp-doge-plunge-20-amid-trumps-tariffs/,alta
DOT,2025-10-11 02:00,-28.7,bajada,macro,"Arancel del 100% a China anunciado por Trump (10-oct-2025): mayor liquidacion de la historia (>3.000 M$ en una hora, ~19.000 M$ en total); mercado entero",no,2025-10-10,https://www.bloomberg.com/news/articles/2025-10-10/crypto-sees-more-than-3-billion-in-liquidations-in-past-hour,alta
DOT,2021-06-22 14:00,-27.2,bajada,regulatorio,Ofensiva de China contra cripto/mineria empuja BTC bajo 30k por primera vez desde enero; altcoins caen mas que BTC. Mercado entero. (Nota: DOT en Coinbase tuvo movimientos atipicos por su lanzamiento en esas fechas),no,2021-06-21,https://www.aljazeera.com/economy/2021/6/22/bb-look-out-below-bitcoin-falls-below-30000,media
DOT,2021-09-08 08:00,-27.1,bajada,liquidaciones_mercado,"Flash crash del 7-sep-2021 (-400.000 M$ de capitalizacion, BTC -15%): 'buy the rumor sell the news' del dia de BTC en El Salvador, fallos del monedero Chivo, aviso de JPMorgan sobre altcoins y caidas/retrasos en Coinbase, Kraken y Gemini",no,2021-09-07,https://www.forbes.com/sites/jonathanponciano/2021/09/07/crypto-flash-crash-wipes-out-400-billion-in-market-value-on-el-salvadors-bitcoin-day/,alta
DOT,2021-02-24 09:00,26.1,subida,sin_causa_identificada,"Sin causa verificable; probable rebote tras el descenso del 22-23 feb (Yellen), no confirmado",no,,,baja
DOT,2021-04-18 10:00,-25.8,bajada,liquidaciones_mercado,"Flash crash de BTC (~-12%) la noche del 17-abr-2021 atribuido a apalancamiento y liquidaciones en cascada; rumores (Turkia, Tesoro EE.UU., mineros chinos) descartados como causa por CoinDesk",no,2021-04-17,https://www.coindesk.com/podcasts/the-breakdown-with-nlw/no-bitcoins-flash-crash-wasnt-caused-by-turkey-or-money-laundering-or-china-or-any-other-fud,media
SOL,2021-08-16 15:00,43.7,subida,tecnico_o_protocolo,"Rally de ecosistema Solana: financiacion de 70M USD a Mango Markets (DEX), lanzamiento de Wormhole (9-ago) y fiebre NFT (Degenerate Ape). BTC plano (+0.3%): movimiento propio de SOL",si,2021-08-16,https://cointelegraph.com/news/solana-price-soars-to-new-highs-with-defi-project-launch-70m-dex-funding,media
SOL,2021-09-03 08:00,26.3,subida,sentimiento_o_redes,"Tramo del rally de ecosistema de SOL (+145% en agosto, ATH 193.87 el 7-sep; FOMO minorista, DeFi/NFT en Solana). BTC plano (-0.2%). Sin noticia puntual identificada para esta ventana",si,,https://www.fxstreet.com/cryptocurrencies/news/experts-foresee-bubbly-outlook-as-solana-price-takes-off-202109071056,baja
SOL,2021-09-09 08:00,36.4,subida,sentimiento_o_redes,"Continuacion del rally de ecosistema de SOL (nuevo maximo ~207 USD; Raydium/Serum, NFT, FOMO). BTC +0.7%. Sin noticia puntual identificada para esta ventana",si,,https://www.fxstreet.com/cryptocurrencies/news/experts-foresee-bubbly-outlook-as-solana-price-takes-off-202109071056,baja
SOL,2021-12-04 12:00,-20.8,bajada,liquidaciones_mercado,"Desplome de fin de semana de todo el mercado (BTC -17%, ETH -15%): miedo por variante Omicron y liquidaciones en cascada de apalancados (>2.000 M USD). Movimiento de mercado entero",no,2021-12-04,https://www.fastcompany.com/90703446/why-is-bitcoin-crashing-the-crypto-king-fell-almost-20-over-the-weekend-on-omicron-fears,alta
SOL,2022-01-22 19:00,-27.3,bajada,liquidaciones_mercado,Semana de venta generalizada (BTC -9% y ETH -15% en la ventana; BTC -21% en la semana) por endurecimiento de la Fed; SOL cae mas por congestion/caidas parciales de la red Solana el 21-22 ene,si,2022-01-22,https://decrypt.co/91067/solana-tanks-amid-ruthless-crypto-market-crash,media
SOL,2022-05-12 06:00,-36.9,bajada,hackeo_o_fallo,"Colapso del stablecoin algoritmico TerraUSD/LUNA: panico y contagio a todo el mercado (BTC -14%, ETH -22%)",no,2022-05-12,https://www.cnbc.com/2022/05/13/cryptocurrency-luna-crashes-to-0-as-ust-falls-from-peg-bitcoin-rises.html,alta
SOL,2022-05-13 07:00,30.2,subida,liquidaciones_mercado,"Rebote de mercado tras la capitulacion por Terra/LUNA (BTC +8.7%, ETH +8.7%); SOL amplifica por beta alta. Catalizador puntual del rebote no verificado (sin fuente especifica)",no,2022-05-12,https://www.bloomberg.com/news/articles/2022-05-12/crypto-market-panic-subsides-as-prices-tether-stabilizes,media
SOL,2022-06-13 09:00,-20.5,bajada,hackeo_o_fallo,"Celsius congela retiros y transferencias; contagio en cripto (BTC bajo 25.000 USD, BTC -12.6%, ETH -15.6%). Movimiento de mercado entero",no,2022-06-12 (fin de semana),https://www.cnbc.com/2022/06/13/crypto-lender-celsius-pauses-withdrawals-bitcoin-slides.html,alta
SOL,2022-11-09 22:00,-47.1,bajada,hackeo_o_fallo,Colapso de FTX/Alameda (Binance se retira del rescate el 9-nov). SOL cae -47% vs BTC -14% por su alta exposicion a FTX/Alameda,si,2022-11-09,https://fortune.com/2022/11/10/bitcoin-plunges-multi-year-low-cz-binance-pulls-out-deal-rescue-sam-bankman-fried-ftx-exchange,alta
SOL,2022-11-10 22:00,43.3,subida,liquidaciones_mercado,"Rebote de mercado tras la capitulacion por FTX (BTC +12%, ETH +18%; BTC recupera 17.000 USD); SOL rebota +43% por beta alta tras caer -47%. No se verifico catalizador puntual",no,2022-11-10,https://www.cnbc.com/2022/11/10/cryptocurrencies-climb-as-market-sell-off-pauses-bitcoin-rises-back-above-17000.html,media
SOL,2023-01-14 06:00,41.1,subida,sentimiento_o_redes,Rally de inicio de 2023 sobre los minimos post-FTX: BTC +11% en la ventana y SOL con fuerza extra por ecosistema (airdrop de BONK a inicios de enero). Catalizador puntual de esta ventana no verificado,si,,https://decrypt.co/118619/this-week-in-coins-solana-rallies-as-crypto-market-sees-green-to-start-2023,baja
SOL,2023-06-10 07:00,-24.8,bajada,sin_causa_identificada,Flash crash en horas asiaticas (16.5 a 13.0 USD entre 02:00 y 05:00 UTC con volumen 5x) tras la semana de demandas de la SEC a Binance/Coinbase que citaban SOL como valor (5-6 jun). No se encontro noticia que explique la hora ni la magnitud (BTC solo -3%),si,,https://www.coindesk.com/policy/2023/06/08/solana-foundation-sol-is-not-a-security,baja
SOL,2023-07-14 02:00,34.6,subida,regulatorio,"Sentencia de la jueza Torres en SEC vs Ripple (XRP no es valor en ventas programaticas): rally de altcoins por contagio (BTC +3.7%, ETH +7.6%) y reduccion del temor a que la SEC califique otros tokens como valores. Efecto simpatia, no especifico de SOL",no,2023-07-13 (manana ET),https://fortune.com/crypto/2023/07/13/coinbase-kraken-bitstamp-gemini-xrp-relisting-ripple-decision/,media
SOL,2023-11-11 01:00,25.6,subida,sentimiento_o_redes,"Rally propio de SOL (BTC +1%): tras la conferencia anual de Solana, tres semanas de subida, interes en futuros (OI 745 M USD), TVL/direcciones activas al alza y alivio de que las ventas de la masa de FTX estan limitadas",si,2023-11-10,https://www.coindesk.com/markets/2023/11/10/solanas-sol-rallies-20-in-a-day-erasing-woes-of-past-18-months,media
SOL,2024-08-05 13:00,-22.8,bajada,macro,"Desplome global por cierre del carry trade del yen (subida de tipos del BoJ, datos de empleo EEUU flojos): BTC -14.5%, ETH -19.6%. Movimiento de mercado entero",no,2024-08-05,https://www.coindesk.com/markets/2024/08/05/first-mover-americas-bitcoin-crashes-to-50k-as-perfect-storm-hits-crypto-market,alta
SOL,2025-03-04 02:00,-20.9,bajada,macro,"Reversion completa de la subida por la reserva cripto de Trump (anuncio 2-mar): aranceles a Canada/Mexico/China (25% en vigor el 4-mar) y toma de beneficios; BTC -10%. Nota: el catalogo atribuye el anuncio de la reserva, pero ese evento fue alcista; la caida de esta ventana es la reversion",no,2025-03-04 07:13,https://www.coindesk.com/markets/2025/03/04/ada-xrp-sol-dive-21-to-reverse-all-gains-from-trump-s-strategic-reserve-plans,alta
XRP,2018-01-16 22:00,-40.3,bajada,regulatorio,Temor a regulacion en Corea del Sur y China y exclusion de precios de exchanges coreanos en CoinMarketCap (XRP con mucho volumen coreano). BTC -18.7%,no,2018-01-16/17,https://www.cnbc.com/2018/01/17/ripple-co-founder-loses-44-billion-on-paper-during-cryptocurrency-crash.html,alta
XRP,2018-01-18 16:00,91.2,subida,sentimiento_o_redes,"Rebote violento tras el desplome del 16-17 ene (BTC +14.8%, ETH +18.8%); XRP amplifica x6. Catalizador puntual (p.ej. aclaracion coreana) no verificado",no,,https://www.cnbc.com/2018/01/17/ripple-co-founder-loses-44-billion-on-paper-during-cryptocurrency-crash.html,baja
XRP,2018-02-02 12:00,-30.7,bajada,regulatorio,"Ventas por prohibicion de anuncios cripto en Facebook (30-ene) y endurecimiento en India (1-feb); BTC bajo 9.000 USD (BTC -11.8%, ETH -24%). Movimiento de mercado entero; XRP ademas sufria por listado de Coinbase que nunca llego",no,2018-02-01,https://www.kitco.com/news/2018-02-01/Bitcoin-slides-as-Facebook-ad-ban-India-clampdown-unnerve-investors.html,media
XRP,2018-02-10 08:00,53.7,subida,sin_causa_identificada,"Rebote parcial de mercado tras los minimos del 6-feb (BTC +7.6%, ETH +6.5%) pero XRP sube 7 veces mas; no se encontro noticia verificable para esa ventana",si,,,baja
XRP,2018-09-21 15:00,92.5,subida,listado_o_producto,"Declaracion de Ripple en CNBC de que xRapid (pagos con XRP para bancos) se lanzara en produccion en ~1 mes, mas listado en exchanges de fiat (CEX.IO). BTC +4%; XRP casi triplica en la semana. Desfase entre la declaracion y el pico, por eso confianza media",si,2018-09-17 (declaracion) / 2018-09-21 (articulo),https://www.cnbc.com/2018/09/21/cryptocurrency-xrp-skyrockets-80percent-nearly-tripling-in-value-this-week-after-a-dismal-year.html,media
XRP,2020-03-13 02:00,-38.9,bajada,macro,"Jueves negro del COVID-19: venta global de activos de riesgo con BTC -34%, ETH -37%. Movimiento de mercado entero",no,2020-03-12,https://cointelegraph.com/news/black-thursday-anniversary-can-crypto-markets-see-another-huge-crash,alta
XRP,2020-11-24 06:00,59.8,subida,tecnico_o_protocolo,"Fiebre por el airdrop de tokens Spark (Flare Networks, 45.000 M) a holders de XRP (snapshot 12-dic), record de cuentas nuevas en XRPL y soporte de exchanges. BTC plano (-0.8%): movimiento propio de XRP",si,2020-11-24,https://www.coindesk.com/markets/2020/11/24/xrp-price-surges-to-2-year-high-as-airdrop-frenzy-builds,alta
XRP,2020-12-24 00:00,-41.8,bajada,regulatorio,La SEC demanda a Ripple y a sus directivos (22-dic) por oferta no registrada de valores; liquidaciones masivas en XRP. BTC -3.8%,si,2020-12-22,https://www.coindesk.com/markets/2020/12/24/xrp-liquidations-soar-as-sec-lawsuit-token-airdrop-whipsaw-markets,alta
XRP,2020-12-29 16:00,-38.0,bajada,listado_o_producto,"Coinbase anuncia (28-dic ~22:30 EST) suspension del trading de XRP el 19-ene, seguida de otros exchanges (Crypto.com, OKCoin...). XRP cae >16% en la primera hora. BTC -2.3%",si,2020-12-29 03:30,https://www.coindesk.com/markets/2020/12/28/coinbase-to-suspend-xrp-trading-following-sec-suit-against-ripple,alta
XRP,2021-01-07 12:00,56.9,subida,sin_causa_identificada,"Rebote de XRP (+57%) tras el desplome de diciembre, en un dia de fuerte subida de todo el mercado (BTC +8.7%, ETH +7.2%). No se encontro noticia verificable propia de XRP para esa ventana",si,,,baja
XRP,2021-01-31 00:00,56.9,subida,sentimiento_o_redes,Pump coordinado por r/SatoshiStreetBets/WallStreetBets (y grupos de Telegram/Discord) que pasan de Dogecoin a XRP (XRP +86% de 0.28 a 0.51 el 30-ene). BTC plano (-0.5%). La biografia de Musk citada en el catalogo no explica esta subida,si,2021-01-30,https://cointelegraph.com/news/xrp-price-gains-86-after-wall-street-bets-crypto-wing-says-pump-it,alta
XRP,2021-02-02 11:00,-47.1,bajada,sentimiento_o_redes,"Fin del pump and dump: tras llegar a ~0.75 USD por el grupo de Telegram PumpXRP, las ballenas vendieron y XRP perdio >50% hasta ~0.36. BTC +1.5%. El evento del catalogo (Musk y Dogecoin) no es la causa",si,2021-02-02,https://www.fxstreet.com/cryptocurrencies/news/xrp-price-goes-through-one-of-the-most-vicious-pump-and-dump-schemes-and-it-may-fail-to-recover-202102020945,alta
XRP,2021-04-05 22:00,46.1,subida,sin_causa_identificada,"XRP cruza 0.90 USD (+46%) con BTC +1.3%. Habia victorias legales de Ripple en la causa SEC ese mes (auto del 9-abr rechaza registros financieros de directivos, posterior a esta ventana), pero no se verifico noticia concreta del 4-5 abr",si,,https://forkast.news/xrp-price-ripple-sec-lawsuit-discovery-win/,baja
XRP,2021-05-20 01:00,-37.6,bajada,regulatorio,"Prohibicion de China a bancos y pagos de servicios cripto (18-19 may) sumada a liquidaciones en cascada (~1 billon USD de capitalizacion borrada en la semana): BTC -9.3%, ETH -26%",no,2021-05-18/19,https://amp.cnn.com/cnn/2021/05/22/investing/crypto-crash-bitcoin-regulation,alta
XRP,2022-05-12 06:00,-30.8,bajada,hackeo_o_fallo,"Colapso del stablecoin algoritmico TerraUSD/LUNA: contagio a todo el mercado (BTC -13.7%, ETH -21.9%)",no,2022-05-12,https://www.cnbc.com/2022/05/13/cryptocurrency-luna-crashes-to-0-as-ust-falls-from-peg-bitcoin-rises.html,alta
XRP,2023-07-13 20:00,75.6,subida,regulatorio,"Sentencia de la jueza Torres en SEC vs Ripple: las ventas programaticas de XRP no son ofertas de valores; Coinbase, Kraken, Bitstamp y otros vuelven a listar XRP",si,2023-07-13,https://fortune.com/crypto/2023/07/13/coinbase-kraken-bitstamp-gemini-xrp-relisting-ripple-decision/,alta
