asset,quote,t_utc,p,fwd_4h_pct
FET,USD,2023-01-10 22:00,0.691,1.99
FET,USD,2023-01-13 11:00,0.786,3.35
SOL,USD,2023-01-14 04:00,0.691,5.64
SOL,USD,2023-01-14 10:00,0.698,1.36
AAVE,USD,2023-01-14 11:00,0.708,-2.94
INJ,USD,2023-02-01 08:00,0.696,-0.61
FET,USD,2023-02-05 13:00,0.695,4.68
FET,USD,2023-02-05 21:00,0.696,-7.28
FET,USD,2023-02-06 01:00,0.759,6.31
FET,USD,2023-02-06 05:00,0.711,-3.59
FET,USD,2023-02-07 07:00,0.739,-2.94
FET,USD,2023-02-07 12:00,0.706,2.53
FET,USD,2023-02-09 21:00,0.752,4.67
FET,USD,2023-02-10 11:00,0.832,5.16
FIL,USD,2023-02-17 12:00,0.695,14.6
FIL,USD,2023-02-17 16:00,0.763,-2.88
FIL,USD,2023-02-17 22:00,0.782,-0.54
FIL,USD,2023-02-19 12:00,0.69,-6.02
FET,USD,2023-02-21 13:00,0.775,-5.03
FET,USD,2023-03-08 13:00,0.702,-0.33
INJ,USD,2023-03-13 20:00,0.735,1.34
FET,USD,2023-03-14 20:00,0.855,3.16
ALGO,USD,2023-03-14 20:00,0.699,1.77
ICP,USD,2023-03-14 20:00,0.708,-0.29
NEAR,USD,2023-03-14 20:00,0.768,-0.19
FIL,USD,2023-03-14 20:00,0.76,0.19
FIL,USD,2023-03-15 16:00,0.84,2.93
FET,USD,2023-03-15 16:00,0.79,8.25
FIL,USD,2023-03-16 12:00,0.718,0.28
DOGE,USD,2023-04-04 11:00,0.719,-3.61
INJ,USD,2023-04-14 16:00,0.706,3.53
FIL,USD,2023-06-10 04:00,0.716,8.17
ADA,USD,2023-06-10 04:00,0.728,0.37
MATIC,USD,2023-06-10 04:00,0.698,-1.92
SHIB,USD,2023-06-10 04:00,0.743,6.88
SOL,USD,2023-06-10 06:00,0.784,5.67
MATIC,USD,2023-06-10 12:00,0.701,-0.6
MATIC,USD,2023-06-11 00:00,0.792,-0.53
INJ,USD,2023-06-11 02:00,0.721,1.73
BCH,USD,2023-06-23 19:00,0.703,-0.36
BCH,USD,2023-06-23 23:00,0.815,4.62
BCH,USD,2023-06-24 03:00,0.773,-4.52
AAVE,USD,2023-06-25 11:00,0.714,-0.59
BCH,USD,2023-06-30 08:00,0.689,-0.42
BCH,USD,2023-06-30 13:00,0.765,8.1
XLM,USD,2023-07-13 18:00,0.701,-2.53
XRP,USD,2023-07-13 19:00,0.696,-0.71
XLM,USD,2023-07-13 22:00,0.857,-2.0
XRP,USD,2023-07-13 23:00,0.853,-4.02
XLM,USD,2023-07-14 02:00,0.733,2.54
XRP,USD,2023-07-14 03:00,0.877,-1.71
XLM,USD,2023-07-14 07:00,0.69,2.55
SOL,USD,2023-07-14 07:00,0.724,-2.47
XRP,USD,2023-07-14 08:00,0.708,-1.62
XLM,USD,2023-07-14 12:00,0.838,-6.7
XRP,USD,2023-07-14 12:00,0.764,-2.89
LINK,USD,2023-07-20 14:00,0.709,0.28
PEPE,USD,2023-10-24 06:00,0.722,9.23
INJ,USD,2023-10-24 13:00,0.69,-2.21
PEPE,USD,2023-10-25 13:00,0.783,0.7
PEPE,USD,2023-10-25 20:00,0.744,3.4
AVAX,USD,2023-11-12 13:00,0.697,0.17
SEI,USD,2023-11-16 01:00,0.696,-0.81
AVAX,USD,2023-11-16 13:00,0.766,-2.45
SEI,USD,2023-11-21 11:00,0.748,0.95
SEI,USD,2023-11-23 11:00,0.869,0.43
SEI,USD,2023-11-24 11:00,0.757,-0.36
SEI,USD,2023-11-24 17:00,0.739,-2.38
SEI,USD,2023-11-28 19:00,0.696,-1.93
PEPE,USD,2023-12-05 14:00,0.687,1.94
ADA,USD,2023-12-08 12:00,0.686,6.23
ALGO,USD,2023-12-09 13:00,0.715,-8.4
INJ,USD,2023-12-12 19:00,0.737,-5.66
INJ,USD,2023-12-14 13:00,0.767,-2.77
AAVE,USD,2023-12-15 12:00,0.714,-7.24
ICP,USD,2023-12-16 05:00,0.735,0.9
ICP,USD,2023-12-16 11:00,0.743,-0.5
ICP,USD,2023-12-16 16:00,0.775,-5.95
ICP,USD,2023-12-16 20:00,0.77,-1.86
ICP,USD,2023-12-17 00:00,0.698,8.54
SEI,USD,2023-12-19 02:00,0.761,23.79
SEI,USD,2023-12-19 06:00,0.764,-6.7
SEI,USD,2023-12-19 10:00,0.88,-5.75
SEI,USD,2023-12-19 14:00,0.896,6.72
SEI,USD,2023-12-19 18:00,0.689,-4.61
SEI,USD,2023-12-20 00:00,0.729,-3.52
SEI,USD,2023-12-20 11:00,0.721,-0.82
NEAR,USD,2023-12-20 13:00,0.692,7.09
SEI,USD,2023-12-20 19:00,0.694,-2.46
NEAR,USD,2023-12-21 11:00,0.697,1.91
SEI,USD,2023-12-22 12:00,0.692,4.31
SEI,USD,2023-12-26 19:00,0.703,-0.32
SEI,USD,2023-12-29 13:00,0.688,-1.61
ICP,USD,2023-12-30 22:00,0.737,8.92
ICP,USD,2023-12-31 17:00,0.711,-11.33
SEI,USD,2024-01-01 20:00,0.719,-2.72
FIL,USD,2024-01-03 13:00,0.724,-4.4
PEPE,USD,2024-01-03 13:00,0.727,0.17
ICP,USD,2024-01-03 13:00,0.861,6.97
SEI,USD,2024-01-03 13:00,0.706,9.44
MATIC,USD,2024-01-03 14:00,0.711,1.76
ARB,USD,2024-01-11 13:00,0.725,-2.38
PEPE,USD,2024-01-11 13:00,0.757,-5.39
SUI,USD,2024-01-11 13:00,0.758,1.95
SUI,USD,2024-01-11 20:00,0.875,-2.56
ARB,USD,2024-01-12 16:00,0.788,-1.82
SUI,USD,2024-01-12 18:00,0.752,-4.61
XMR,USD,2024-02-07 03:00,0.694,8.52
SEI,USD,2024-02-14 12:00,0.704,-1.57
FET,USD,2024-02-19 12:00,0.71,-3.71
FET,USD,2024-02-22 14:00,0.709,-2.91
UNI,USD,2024-02-23 14:00,0.731,-3.02
UNI,USD,2024-02-23 18:00,0.701,2.92
UNI,USD,2024-02-23 22:00,0.774,8.88
UNI,USD,2024-02-24 03:00,0.697,2.62
UNI,USD,2024-02-24 07:00,0.723,-3.61
UNI,USD,2024-02-24 11:00,0.908,-8.23
PEPE,USD,2024-02-26 21:00,0.74,-2.09
PEPE,USD,2024-02-27 03:00,0.83,-2.54
PEPE,USD,2024-02-27 07:00,0.852,5.77
PEPE,USD,2024-02-27 11:00,0.87,-3.14
PEPE,USD,2024-02-27 16:00,0.806,14.54
PEPE,USD,2024-02-27 20:00,0.761,11.99
PEPE,USD,2024-02-28 00:00,0.707,-4.71
PEPE,USD,2024-02-28 04:00,0.695,12.72
PEPE,USD,2024-02-28 08:00,0.762,7.57
PEPE,USD,2024-02-28 12:00,0.807,-2.31
PEPE,USD,2024-02-28 16:00,0.849,-7.22
PEPE,USD,2024-02-28 23:00,0.718,2.27
PEPE,USD,2024-02-29 03:00,0.705,-8.06
DOGE,USD,2024-02-29 11:00,0.726,4.01
FET,USD,2024-02-29 12:00,0.718,5.58
SHIB,USD,2024-02-29 12:00,0.725,1.85
SOL,USD,2024-02-29 13:00,0.766,-3.37
DOGE,USD,2024-02-29 15:00,0.75,-5.79
FET,USD,2024-02-29 19:00,0.705,0.97
PEPE,USD,2024-02-29 22:00,0.69,1.74
FET,USD,2024-03-01 12:00,0.727,-2.08
PEPE,USD,2024-03-01 13:00,0.775,14.64
PEPE,USD,2024-03-01 18:00,0.766,-1.77
SHIB,USD,2024-03-01 21:00,0.817,21.54
PEPE,USD,2024-03-01 22:00,0.84,1.0
SHIB,USD,2024-03-02 02:00,0.797,8.17
PEPE,USD,2024-03-02 09:00,0.763,-3.22
SHIB,USD,2024-03-02 10:00,0.727,-6.12
BCH,USD,2024-03-02 11:00,0.748,0.27
PEPE,USD,2024-03-02 13:00,0.783,-4.74
SHIB,USD,2024-03-02 15:00,0.74,12.09
BCH,USD,2024-03-02 15:00,0.757,4.19
SHIB,USD,2024-03-02 19:00,0.826,0.94
BCH,USD,2024-03-02 19:00,0.688,8.15
BCH,USD,2024-03-02 23:00,0.733,0.76
PEPE,USD,2024-03-03 15:00,0.726,3.38
PEPE,USD,2024-03-03 19:00,0.737,6.52
SHIB,USD,2024-03-03 20:00,0.693,-3.84
PEPE,USD,2024-03-03 23:00,0.756,9.02
PEPE,USD,2024-03-04 03:00,0.733,2.59
PEPE,USD,2024-03-04 09:00,0.789,-2.34
SHIB,USD,2024-03-04 10:00,0.69,4.77
PEPE,USD,2024-03-04 13:00,0.737,0.14
SHIB,USD,2024-03-04 14:00,0.715,21.98
PEPE,USD,2024-03-04 17:00,0.721,0.15
SHIB,USD,2024-03-04 18:00,0.835,5.72
PEPE,USD,2024-03-04 21:00,0.706,15.84
SHIB,USD,2024-03-04 22:00,0.853,22.42
SHIB,USD,2024-03-05 02:00,0.862,-6.06
SHIB,USD,2024-03-05 06:00,0.716,1.69
PEPE,USD,2024-03-05 07:00,0.763,2.17
ICP,USD,2024-03-05 11:00,0.725,-9.25
SHIB,USD,2024-03-05 13:00,0.83,-22.08
SHIB,USD,2024-03-05 18:00,0.819,4.43
PEPE,USD,2024-03-05 18:00,0.881,-0.06
DOGE,USD,2024-03-05 18:00,0.829,-2.51
FET,USD,2024-03-05 19:00,0.768,15.09
BCH,USD,2024-03-05 19:00,0.774,6.66
INJ,USD,2024-03-05 19:00,0.738,8.43
SEI,USD,2024-03-05 19:00,0.779,5.93
FIL,USD,2024-03-05 19:00,0.761,6.4
SHIB,USD,2024-03-06 06:00,0.745,2.85
DOGE,USD,2024-03-06 14:00,0.816,-1.16
UNI,USD,2024-03-06 14:00,0.752,-2.81
SHIB,USD,2024-03-06 14:00,0.83,-0.47
NEAR,USD,2024-03-06 18:00,0.701,3.3
FET,USD,2024-03-06 19:00,0.732,8.89
NEAR,USD,2024-03-06 22:00,0.77,2.79
FET,USD,2024-03-07 00:00,0.689,-0.53
NEAR,USD,2024-03-07 02:00,0.692,-3.12
FET,USD,2024-03-07 04:00,0.722,2.11
FET,USD,2024-03-07 10:00,0.717,-9.24
PEPE,USD,2024-03-08 12:00,0.702,6.09
FET,USD,2024-03-08 15:00,0.718,1.12
PEPE,USD,2024-03-08 20:00,0.746,5.45
FET,USD,2024-03-09 13:00,0.724,-3.24
NEAR,USD,2024-03-11 13:00,0.771,-2.64
PEPE,USD,2024-03-14 13:00,0.826,1.41
INJ,USD,2024-03-14 14:00,0.728,-8.26
SOL,USD,2024-03-15 04:00,0.689,-3.73
PEPE,USD,2024-03-15 04:00,0.714,-5.01
PEPE,USD,2024-03-16 13:00,0.781,-4.58
SEI,USD,2024-03-16 13:00,0.787,-7.77
PEPE,USD,2024-03-17 06:00,0.791,7.07
SHIB,USD,2024-03-17 06:00,0.743,8.44
PEPE,USD,2024-03-18 16:00,0.702,-0.01
PEPE,USD,2024-03-19 01:00,0.753,0.11
PEPE,USD,2024-03-19 05:00,0.869,3.32
NEAR,USD,2024-03-19 08:00,0.697,4.03
PEPE,USD,2024-03-19 09:00,0.718,0.08
ALGO,USD,2024-03-19 22:00,0.776,0.59
PEPE,USD,2024-03-19 22:00,0.842,6.34
ICP,USD,2024-03-22 13:00,0.79,5.12
PEPE,USD,2024-03-22 13:00,0.819,2.73
DOGE,USD,2024-03-22 13:00,0.699,2.19
ICP,USD,2024-03-25 12:00,0.693,-2.01
ICP,USD,2024-03-25 21:00,0.731,6.66
JUP,USD,2024-04-12 18:00,0.805,4.21
SEI,USD,2024-04-12 18:00,0.716,8.38
ICP,USD,2024-04-12 18:00,0.753,7.09
INJ,USD,2024-04-12 18:00,0.746,6.46
SUI,USD,2024-04-12 18:00,0.755,5.27
DOT,USD,2024-04-12 18:00,0.701,10.24
ARB,USD,2024-04-12 18:00,0.717,4.55
PEPE,USD,2024-04-12 18:00,0.713,4.2
FIL,USD,2024-04-12 18:00,0.751,4.3
SUI,USD,2024-04-13 02:00,0.702,3.11
UNI,USD,2024-04-13 07:00,0.698,0.05
NEAR,USD,2024-04-13 19:00,0.77,6.42
PEPE,USD,2024-04-13 19:00,0.834,5.31
JUP,USD,2024-04-13 19:00,0.761,7.48
FIL,USD,2024-04-13 20:00,0.776,5.97
UNI,USD,2024-04-13 20:00,0.832,8.19
AAVE,USD,2024-04-13 20:00,0.823,7.98
ARB,USD,2024-04-13 20:00,0.73,10.49
FET,USD,2024-04-13 20:00,0.841,9.06
SHIB,USD,2024-04-13 20:00,0.771,6.96
XRP,USD,2024-04-13 20:00,0.741,9.78
SEI,USD,2024-04-13 20:00,0.796,7.31
DOGE,USD,2024-04-13 20:00,0.803,8.37
ALGO,USD,2024-04-13 20:00,0.817,6.84
INJ,USD,2024-04-13 20:00,0.83,11.46
MATIC,USD,2024-04-13 20:00,0.73,4.42
SUI,USD,2024-04-13 20:00,0.832,8.35
AVAX,USD,2024-04-13 20:00,0.803,9.87
PEPE,USD,2024-04-15 18:00,0.77,7.0
SEI,USD,2024-04-16 12:00,0.753,-0.95
FET,USD,2024-04-16 12:00,0.765,0.24
INJ,USD,2024-04-16 12:00,0.701,-0.31
ALGO,USD,2024-04-24 15:00,0.758,-0.36
DOGE,USD,2024-05-04 13:00,0.737,-2.86
PEPE,USD,2024-05-14 12:00,0.704,-5.23
PEPE,USD,2024-05-21 13:00,0.696,1.42
ARB,USD,2024-05-21 13:00,0.694,-1.66
PEPE,USD,2024-05-21 19:00,0.78,12.12
CRV,USD,2024-06-13 03:00,0.79,1.11
CRV,USD,2024-06-13 07:00,0.743,2.54
CRV,USD,2024-06-13 15:00,0.784,1.05
CRV,USD,2024-06-13 19:00,0.819,-1.37
CRV,USD,2024-06-14 00:00,0.796,1.41
JUP,USD,2024-06-18 11:00,0.688,-1.53
SUI,USD,2024-06-18 13:00,0.721,-1.78
SEI,USD,2024-06-18 13:00,0.753,1.87
FET,USD,2024-06-18 13:00,0.766,4.35
PEPE,USD,2024-06-18 13:00,0.723,0.79
ICP,USD,2024-06-18 13:00,0.691,-0.01
INJ,USD,2024-06-18 13:00,0.81,3.06
ARB,USD,2024-07-05 02:00,0.74,1.44
JUP,USD,2024-07-05 02:00,0.693,2.73
SEI,USD,2024-07-05 02:00,0.751,1.24
ONDO,USD,2024-07-05 02:00,0.691,2.48
PEPE,USD,2024-07-05 02:00,0.746,0.64
INJ,USD,2024-07-05 02:00,0.74,2.37
SUI,USD,2024-07-05 02:00,0.705,1.67
PEPE,USD,2024-07-05 06:00,0.7,2.97
PEPE,USD,2024-07-08 00:00,0.717,6.23
PEPE,USD,2024-07-16 05:00,0.728,0.86
FET,USD,2024-07-17 11:00,0.73,-0.46
FET,USD,2024-08-04 15:00,0.69,6.89
PEPE,USD,2024-08-05 01:00,0.782,-4.32
UNI,USD,2024-08-05 01:00,0.699,-0.49
ETH,USD,2024-08-05 01:00,0.813,-0.42
ARB,USD,2024-08-05 01:00,0.695,-5.02
DOT,USD,2024-08-05 01:00,0.719,-5.18
ONDO,USD,2024-08-05 01:00,0.719,-5.22
FET,USD,2024-08-05 03:00,0.757,0.6
LINK,USD,2024-08-05 03:00,0.781,-2.76
NEAR,USD,2024-08-05 03:00,0.763,-1.15
CRV,USD,2024-08-05 03:00,0.768,-2.83
SUI,USD,2024-08-05 03:00,0.688,-1.17
ONDO,USD,2024-08-05 05:00,0.769,-5.48
BCH,USD,2024-08-05 06:00,0.691,1.17
AVAX,USD,2024-08-05 06:00,0.755,-0.16
INJ,USD,2024-08-05 06:00,0.717,-1.75
UNI,USD,2024-08-05 06:00,0.71,-3.08
AAVE,USD,2024-08-05 06:00,0.69,0.15
SEI,USD,2024-08-05 06:00,0.728,-0.63
PEPE,USD,2024-08-05 06:00,0.827,-5.86
DOT,USD,2024-08-05 06:00,0.74,0.91
DOGE,USD,2024-08-05 06:00,0.741,-3.43
FET,USD,2024-08-05 07:00,0.745,-12.23
CRV,USD,2024-08-05 07:00,0.714,-8.25
SUI,USD,2024-08-05 07:00,0.687,-7.15
LINK,USD,2024-08-05 07:00,0.785,-6.1
FIL,USD,2024-08-05 07:00,0.699,-3.49
ARB,USD,2024-08-05 07:00,0.798,-6.12
ETH,USD,2024-08-05 08:00,0.694,-4.12
NEAR,USD,2024-08-05 08:00,0.824,-6.41
ONDO,USD,2024-08-05 09:00,0.742,3.51
INJ,USD,2024-08-05 10:00,0.885,6.55
JUP,USD,2024-08-05 10:00,0.768,9.06
SHIB,USD,2024-08-05 10:00,0.79,12.51
UNI,USD,2024-08-05 10:00,0.717,8.73
AAVE,USD,2024-08-05 10:00,0.778,11.52
PEPE,USD,2024-08-05 10:00,0.871,14.41
DOT,USD,2024-08-05 10:00,0.701,8.82
MATIC,USD,2024-08-05 10:00,0.689,4.93
DOGE,USD,2024-08-05 10:00,0.793,12.81
SOL,USD,2024-08-05 10:00,0.773,11.56
SUI,USD,2024-08-05 11:00,0.78,13.59
CRV,USD,2024-08-05 11:00,0.778,13.76
FET,USD,2024-08-05 11:00,0.923,8.35
ARB,USD,2024-08-05 11:00,0.693,8.9
SEI,USD,2024-08-05 12:00,0.722,11.38
ADA,USD,2024-08-05 12:00,0.701,11.0
LTC,USD,2024-08-05 12:00,0.719,10.59
ETH,USD,2024-08-05 12:00,0.698,10.42
NEAR,USD,2024-08-05 12:00,0.847,11.39
AVAX,USD,2024-08-05 12:00,0.747,11.65
BCH,USD,2024-08-05 12:00,0.755,10.83
LINK,USD,2024-08-05 12:00,0.829,14.13
ONDO,USD,2024-08-05 13:00,0.706,24.69
CRV,USD,2024-08-05 18:00,0.819,2.43
PEPE,USD,2024-08-05 18:00,0.692,3.21
LINK,USD,2024-08-05 19:00,0.716,1.91
INJ,USD,2024-08-05 20:00,0.707,5.31
JUP,USD,2024-08-05 20:00,0.692,4.02
NEAR,USD,2024-08-05 20:00,0.714,5.07
CRV,USD,2024-08-05 22:00,0.721,4.74
PEPE,USD,2024-08-05 22:00,0.794,6.38
UNI,USD,2024-08-05 23:00,0.805,5.04
LINK,USD,2024-08-05 23:00,0.813,4.89
FET,USD,2024-08-05 23:00,0.84,5.89
ARB,USD,2024-08-05 23:00,0.817,3.53
ONDO,USD,2024-08-05 23:00,0.741,3.86
ONDO,USD,2024-08-06 11:00,0.77,3.83
SUI,USD,2024-08-08 21:00,0.732,6.43
SUI,USD,2024-08-09 13:00,0.715,-1.59
TAO,USD,2024-09-19 13:00,0.698,0.69
SUI,USD,2024-09-20 13:00,0.689,-2.33
TAO,USD,2024-09-23 12:00,0.812,1.71
SEI,USD,2024-09-25 09:00,0.689,-2.22
ENA,USD,2024-10-03 08:00,0.702,2.34
ENA,USD,2024-10-03 16:00,0.728,2.17
ENA,USD,2024-10-15 05:00,0.688,2.17
ENA,USD,2024-10-15 11:00,0.754,1.68
ENA,USD,2024-11-06 13:00,0.714,-0.28
UNI,USD,2024-11-06 13:00,0.691,2.31
ENA,USD,2024-11-06 21:00,0.723,12.03
ENA,USD,2024-11-07 11:00,0.83,0.82
ADA,USD,2024-11-10 07:00,0.715,0.31
ADA,USD,2024-11-10 12:00,0.87,-4.91
SHIB,USD,2024-11-10 12:00,0.695,11.3
ADA,USD,2024-11-10 16:00,0.845,-5.98
SHIB,USD,2024-11-10 16:00,0.768,-9.88
ADA,USD,2024-11-10 20:00,0.779,3.74
SHIB,USD,2024-11-10 20:00,0.835,9.98
DOGE,USD,2024-11-10 20:00,0.78,12.47
DOGE,USD,2024-11-11 01:00,0.693,-4.91
ENA,USD,2024-11-11 13:00,0.686,0.48
DOGE,USD,2024-11-11 15:00,0.741,2.73
DOGE,USD,2024-11-12 01:00,0.693,12.61
DOGE,USD,2024-11-12 06:00,0.739,-5.63
DOGE,USD,2024-11-12 10:00,0.708,-0.13
PEPE,USD,2024-11-12 12:00,0.782,-0.3
SHIB,USD,2024-11-12 12:00,0.766,-0.55
RENDER,USD,2024-11-12 12:00,0.717,3.32
XLM,USD,2024-11-12 12:00,0.696,3.08
DOGE,USD,2024-11-12 14:00,0.797,3.21
DOGE,USD,2024-11-12 20:00,0.717,6.44
XRP,USD,2024-11-12 21:00,0.703,-3.36
XLM,USD,2024-11-12 21:00,0.759,-5.28
FET,USD,2024-11-13 03:00,0.688,2.61
PEPE,USD,2024-11-13 16:00,0.689,0.19
PEPE,USD,2024-11-13 20:00,0.927,17.95
CRV,USD,2024-11-13 21:00,0.747,0.0
DOGE,USD,2024-11-13 21:00,0.831,2.81
PEPE,USD,2024-11-14 00:00,0.754,7.76
PEPE,USD,2024-11-14 04:00,0.731,-4.2
PEPE,USD,2024-11-14 08:00,0.77,-5.22
PEPE,USD,2024-11-14 12:00,0.832,7.32
PEPE,USD,2024-11-14 20:00,0.778,-3.25
XRP,USD,2024-11-15 00:00,0.69,0.65
PEPE,USD,2024-11-15 01:00,0.701,-8.01
XRP,USD,2024-11-15 13:00,0.693,-0.89
ALGO,USD,2024-11-15 22:00,0.724,2.32
PEPE,USD,2024-11-15 23:00,0.729,-2.07
ALGO,USD,2024-11-16 11:00,0.735,-0.61
XLM,USD,2024-11-16 13:00,0.725,6.51
XRP,USD,2024-11-16 17:00,0.72,0.94
XLM,USD,2024-11-16 19:00,0.76,10.79
XRP,USD,2024-11-16 22:00,0.755,-3.77
XLM,USD,2024-11-17 01:00,0.75,-5.83
XLM,USD,2024-11-17 09:00,0.687,4.11
XLM,USD,2024-11-18 07:00,0.697,1.64
XLM,USD,2024-11-18 11:00,0.709,0.93
ALGO,USD,2024-11-18 11:00,0.691,0.78
RENDER,USD,2024-11-18 13:00,0.695,1.16
CRV,USD,2024-11-18 23:00,0.693,7.98
XRP,USD,2024-11-22 10:00,0.706,2.01
XLM,USD,2024-11-22 11:00,0.718,-1.35
ADA,USD,2024-11-22 13:00,0.691,7.48
XRP,USD,2024-11-22 14:00,0.769,-1.13
XLM,USD,2024-11-22 20:00,0.774,14.59
ADA,USD,2024-11-22 22:00,0.712,4.7
XLM,USD,2024-11-23 02:00,0.746,3.79
DOT,USD,2024-11-23 12:00,0.712,5.74
XLM,USD,2024-11-23 14:00,0.758,12.95
DOT,USD,2024-11-23 18:00,0.756,-2.27
XLM,USD,2024-11-23 19:00,0.753,4.1
DOT,USD,2024-11-24 00:00,0.717,-5.6
DOT,USD,2024-11-24 04:00,0.703,-3.26
XLM,USD,2024-11-24 04:00,0.75,-3.76
XLM,USD,2024-11-24 08:00,0.702,-7.2
DOT,USD,2024-11-24 11:00,0.726,-2.94
ALGO,USD,2024-11-24 11:00,0.692,-9.57
ADA,USD,2024-11-24 12:00,0.722,-0.19
XRP,USD,2024-11-24 12:00,0.762,1.36
MATIC,USD,2024-11-24 12:00,0.721,1.52
XLM,USD,2024-11-24 12:00,0.897,-9.21
ATOM,USD,2024-11-24 12:00,0.688,-3.09
ALGO,USD,2024-11-24 15:00,0.784,5.82
XLM,USD,2024-11-25 03:00,0.764,1.59
UNI,USD,2024-11-25 13:00,0.732,-3.04
CRV,USD,2024-11-25 13:00,0.754,-2.89
XLM,USD,2024-11-25 13:00,0.747,3.8
ENA,USD,2024-11-26 08:00,0.705,1.27
XLM,USD,2024-11-26 10:00,0.692,4.24
ALGO,USD,2024-11-29 12:00,0.69,5.48
ALGO,USD,2024-11-29 20:00,0.742,-4.38
ALGO,USD,2024-11-30 11:00,0.717,-2.34
CRV,USD,2024-11-30 12:00,0.702,-4.52
XRP,USD,2024-12-02 01:00,0.711,2.27
XRP,USD,2024-12-02 10:00,0.761,16.61
XRP,USD,2024-12-02 14:00,0.725,3.79
XRP,USD,2024-12-02 18:00,0.771,1.27
LINK,USD,2024-12-02 18:00,0.729,5.14
LTC,USD,2024-12-02 19:00,0.717,0.15
XRP,USD,2024-12-02 23:00,0.698,1.84
ONDO,USD,2024-12-03 03:00,0.794,-0.78
ONDO,USD,2024-12-03 09:00,0.73,-7.02
ALGO,USD,2024-12-03 09:00,0.697,-4.44
LINK,USD,2024-12-03 10:00,0.727,-4.76
POL,USD,2024-12-03 12:00,0.716,-5.43
MATIC,USD,2024-12-03 12:00,0.697,-5.16
CRV,USD,2024-12-03 13:00,0.745,0.44
ONDO,USD,2024-12-03 13:00,0.74,7.11
XRP,USD,2024-12-03 13:00,0.709,5.85
ALGO,USD,2024-12-03 13:00,0.776,-1.57
ONDO,USD,2024-12-03 17:00,0.736,-1.23
CRV,USD,2024-12-03 20:00,0.695,3.11
TRX,USD,2024-12-03 20:00,0.761,25.53
TRX,USD,2024-12-04 00:00,0.804,1.54
TRX,USD,2024-12-04 06:00,0.78,0.1
CRV,USD,2024-12-04 06:00,0.782,4.19
TRX,USD,2024-12-04 10:00,0.84,-9.74
CRV,USD,2024-12-04 10:00,0.727,5.09
TRX,USD,2024-12-04 14:00,0.792,-4.34
CRV,USD,2024-12-04 14:00,0.722,-3.57
ALGO,USD,2024-12-04 16:00,0.692,4.39
TRX,USD,2024-12-04 20:00,0.752,1.41
CRV,USD,2024-12-04 20:00,0.77,-1.19
CRV,USD,2024-12-05 02:00,0.804,9.14
TRX,USD,2024-12-05 03:00,0.725,5.49
CRV,USD,2024-12-05 12:00,0.757,4.26
CRV,USD,2024-12-06 13:00,0.704,-3.01
CRV,USD,2024-12-06 23:00,0.728,0.16
ALGO,USD,2024-12-09 20:00,0.72,0.27
MATIC,USD,2024-12-09 20:00,0.746,-0.25
FIL,USD,2024-12-09 20:00,0.774,-1.84
PEPE,USD,2024-12-09 20:00,0.701,5.3
TRX,USD,2024-12-09 20:00,0.736,-1.13
ARB,USD,2024-12-10 12:00,0.69,-1.99
NEAR,USD,2024-12-10 12:00,0.691,-1.54
XLM,USD,2024-12-10 12:00,0.715,-2.76
ATOM,USD,2024-12-10 12:00,0.692,-4.05
LTC,USD,2024-12-10 12:00,0.711,-1.51
JUP,USD,2024-12-10 12:00,0.705,0.21
FIL,USD,2024-12-10 12:00,0.697,-1.34
ICP,USD,2024-12-10 12:00,0.714,-3.09
INJ,USD,2024-12-10 12:00,0.759,-0.83
TRX,USD,2024-12-10 12:00,0.84,-1.71
ALGO,USD,2024-12-10 12:00,0.782,-2.57
DOT,USD,2024-12-10 12:00,0.693,-2.14
TAO,USD,2024-12-10 12:00,0.762,-0.85
SEI,USD,2024-12-10 12:00,0.701,-2.39
BCH,USD,2024-12-10 15:00,0.688,1.18
MATIC,USD,2024-12-10 15:00,0.704,2.54
POL,USD,2024-12-10 15:00,0.704,2.6
TRX,USD,2024-12-10 16:00,0.74,1.68
DOT,USD,2024-12-10 17:00,0.73,9.86
UNI,USD,2024-12-10 17:00,0.69,6.88
ATOM,USD,2024-12-10 17:00,0.813,8.69
FIL,USD,2024-12-10 17:00,0.78,8.79
CRV,USD,2024-12-10 17:00,0.739,6.78
ICP,USD,2024-12-10 17:00,0.724,7.99
SEI,USD,2024-12-10 17:00,0.754,8.73
JUP,USD,2024-12-10 17:00,0.771,7.35
TAO,USD,2024-12-10 17:00,0.723,8.19
LTC,USD,2024-12-10 17:00,0.753,7.57
SHIB,USD,2024-12-10 17:00,0.721,9.35
ARB,USD,2024-12-10 17:00,0.761,6.48
ALGO,USD,2024-12-10 17:00,0.819,12.13
XRP,USD,2024-12-10 17:00,0.765,21.58
XLM,USD,2024-12-10 17:00,0.735,18.19
CRV,USD,2024-12-11 01:00,0.707,4.67
AAVE,USD,2024-12-12 11:00,0.725,1.81
INJ,USD,2024-12-19 18:00,0.709,0.56
CRV,USD,2024-12-19 19:00,0.687,0.36
PEPE,USD,2024-12-19 19:00,0.723,-0.09
LINK,USD,2024-12-19 19:00,0.718,2.22
ENA,USD,2024-12-20 07:00,0.775,-3.4
CRV,USD,2024-12-20 08:00,0.706,-2.38
DOGE,USD,2024-12-20 10:00,0.689,4.49
SHIB,USD,2024-12-20 10:00,0.723,4.17
PEPE,USD,2024-12-20 10:00,0.755,3.25
ATOM,USD,2024-12-20 11:00,0.886,13.53
ADA,USD,2024-12-20 11:00,0.87,14.92
AVAX,USD,2024-12-20 11:00,0.877,12.93
ONDO,USD,2024-12-20 11:00,0.856,15.91
ARB,USD,2024-12-20 11:00,0.859,12.62
XLM,USD,2024-12-20 11:00,0.862,13.15
BCH,USD,2024-12-20 11:00,0.736,11.69
ALGO,USD,2024-12-20 11:00,0.905,15.55
SUI,USD,2024-12-20 11:00,0.858,22.51
UNI,USD,2024-12-20 11:00,0.873,11.36
ICP,USD,2024-12-20 11:00,0.869,13.28
XMR,USD,2024-12-20 11:00,0.763,11.52
DOT,USD,2024-12-20 11:00,0.853,12.71
FIL,USD,2024-12-20 11:00,0.896,10.29
INJ,USD,2024-12-20 11:00,0.902,11.93
AAVE,USD,2024-12-20 11:00,0.873,11.87
XRP,USD,2024-12-20 11:00,0.778,12.64
ENA,USD,2024-12-20 11:00,0.807,16.26
TAO,USD,2024-12-20 11:00,0.722,12.97
SEI,USD,2024-12-20 11:00,0.892,12.45
RENDER,USD,2024-12-20 11:00,0.909,15.09
POL,USD,2024-12-20 11:00,0.837,14.42
JUP,USD,2024-12-20 11:00,0.84,12.34
LINK,USD,2024-12-20 11:00,0.854,13.39
NEAR,USD,2024-12-20 11:00,0.87,12.54
FET,USD,2024-12-20 11:00,0.855,13.9
MATIC,USD,2024-12-20 11:00,0.853,13.57
LTC,USD,2024-12-20 11:00,0.849,10.73
CRV,USD,2024-12-20 12:00,0.866,5.45
CRV,USD,2024-12-21 12:00,0.726,-2.65
DOGE,USD,2024-12-21 12:00,0.704,-0.23
ALGO,USD,2024-12-21 12:00,0.689,-1.48
ENA,USD,2025-01-08 12:00,0.721,-2.45
JUP,USD,2025-01-18 21:00,0.71,4.86
JUP,USD,2025-01-19 07:00,0.7,-3.11
PEPE,USD,2025-01-19 23:00,0.691,-1.55
JUP,USD,2025-01-19 23:00,0.693,-2.81
ONDO,USD,2025-01-20 00:00,0.729,-0.0
CRV,USD,2025-01-20 00:00,0.758,4.29
JUP,USD,2025-01-20 12:00,0.716,0.44
SOL,USD,2025-01-20 12:00,0.698,1.22
JUP,USD,2025-01-20 17:00,0.751,4.02
JUP,USD,2025-01-26 22:00,0.752,-9.35
JUP,USD,2025-01-27 15:00,0.706,-4.22
CRV,USD,2025-02-02 11:00,0.748,-0.32
ENA,USD,2025-02-02 16:00,0.722,-2.47
CRV,USD,2025-02-02 16:00,0.756,-5.65
DOGE,USD,2025-02-02 17:00,0.703,-1.66
ALGO,USD,2025-02-02 17:00,0.732,-1.95
INJ,USD,2025-02-02 17:00,0.768,-3.46
FET,USD,2025-02-02 17:00,0.693,-3.59
FIL,USD,2025-02-02 17:00,0.798,-4.86
POL,USD,2025-02-02 17:00,0.69,-0.69
ARB,USD,2025-02-02 17:00,0.77,-3.5
NEAR,USD,2025-02-02 17:00,0.726,-0.88
SUI,USD,2025-02-02 17:00,0.732,-1.34
UNI,USD,2025-02-02 17:00,0.816,-3.49
RENDER,USD,2025-02-02 17:00,0.772,-2.1
AAVE,USD,2025-02-02 17:00,0.779,-1.58
SEI,USD,2025-02-02 17:00,0.8,-3.57
PEPE,USD,2025-02-02 17:00,0.813,-4.14
AVAX,USD,2025-02-02 17:00,0.757,-1.84
ONDO,USD,2025-02-02 17:00,0.821,-0.75
LINK,USD,2025-02-02 17:00,0.712,-2.03
TAO,USD,2025-02-02 18:00,0.804,1.3
CRV,USD,2025-02-02 20:00,0.695,-6.55
FIL,USD,2025-02-02 22:00,0.715,-16.89
SEI,USD,2025-02-03 00:00,0.727,-13.04
INJ,USD,2025-02-03 00:00,0.697,-16.07
CRV,USD,2025-02-03 00:00,0.711,-12.76
PEPE,USD,2025-02-03 00:00,0.747,-12.92
SHIB,USD,2025-02-03 01:00,0.886,4.8
XRP,USD,2025-02-03 01:00,0.912,9.3
ATOM,USD,2025-02-03 01:00,0.915,1.63
AAVE,USD,2025-02-03 01:00,0.899,6.3
BCH,USD,2025-02-03 01:00,0.859,1.08
RENDER,USD,2025-02-03 01:00,0.937,9.78
POL,USD,2025-02-03 01:00,0.922,8.14
AVAX,USD,2025-02-03 01:00,0.886,1.09
KAS,USD,2025-02-03 01:00,0.929,25.05
NEAR,USD,2025-02-03 01:00,0.906,3.9
MATIC,USD,2025-02-03 01:00,0.803,-2.9
LTC,USD,2025-02-03 01:00,0.885,1.87
SUI,USD,2025-02-03 01:00,0.92,12.49
LINK,USD,2025-02-03 01:00,0.885,4.11
ADA,USD,2025-02-03 01:00,0.915,9.33
JUP,USD,2025-02-03 01:00,0.8,9.44
TAO,USD,2025-02-03 01:00,0.947,12.32
DOT,USD,2025-02-03 01:00,0.896,3.36
DOGE,USD,2025-02-03 01:00,0.886,3.67
TON,USD,2025-02-03 01:00,0.883,6.18
ICP,USD,2025-02-03 01:00,0.881,3.08
UNI,USD,2025-02-03 01:00,0.914,8.62
ONDO,USD,2025-02-03 01:00,0.933,11.96
ALGO,USD,2025-02-03 01:00,0.912,7.41
ENA,USD,2025-02-03 01:00,0.925,9.16
ETH,USD,2025-02-03 01:00,0.859,0.96
ARB,USD,2025-02-03 01:00,0.907,3.22
FET,USD,2025-02-03 01:00,0.936,0.15
XLM,USD,2025-02-03 01:00,0.893,9.62
FIL,USD,2025-02-03 02:00,0.873,6.39
CRV,USD,2025-02-03 04:00,0.91,7.41
INJ,USD,2025-02-03 04:00,0.91,8.23
SEI,USD,2025-02-03 04:00,0.865,7.55
PEPE,USD,2025-02-03 04:00,0.894,9.97
NEAR,USD,2025-02-03 05:00,0.75,2.73
AVAX,USD,2025-02-03 05:00,0.74,2.44
DOGE,USD,2025-02-03 05:00,0.718,5.45
ARB,USD,2025-02-03 05:00,0.774,3.02
LINK,USD,2025-02-03 05:00,0.781,2.69
RENDER,USD,2025-02-03 05:00,0.775,4.25
FET,USD,2025-02-03 05:00,0.774,6.77
TAO,USD,2025-02-03 05:00,0.769,2.97
XRP,USD,2025-02-03 05:00,0.695,3.56
AAVE,USD,2025-02-03 05:00,0.723,3.35
ALGO,USD,2025-02-03 05:00,0.801,2.9
ICP,USD,2025-02-03 05:00,0.749,2.21
UNI,USD,2025-02-03 05:00,0.732,7.45
DOT,USD,2025-02-03 05:00,0.735,4.31
ADA,USD,2025-02-03 05:00,0.708,1.13
ATOM,USD,2025-02-03 05:00,0.779,2.06
CRV,USD,2025-02-03 08:00,0.69,0.41
ENA,USD,2025-02-03 11:00,0.693,9.87
CRV,USD,2025-02-03 12:00,0.729,7.07
SEI,USD,2025-02-03 12:00,0.708,7.39
POL,USD,2025-02-03 13:00,0.71,5.75
RENDER,USD,2025-02-03 13:00,0.753,7.85
JUP,USD,2025-02-03 13:00,0.884,7.97
TAO,USD,2025-02-03 13:00,0.917,12.76
AAVE,USD,2025-02-03 13:00,0.837,8.4
INJ,USD,2025-02-03 13:00,0.773,11.47
PEPE,USD,2025-02-03 13:00,0.782,9.99
LTC,USD,2025-02-03 13:00,0.719,8.01
FIL,USD,2025-02-03 13:00,0.767,8.83
SHIB,USD,2025-02-03 13:00,0.73,9.5
KAS,USD,2025-02-03 13:00,0.757,13.66
ADA,USD,2025-02-03 13:00,0.757,11.8
ALGO,USD,2025-02-03 13:00,0.775,11.12
FET,USD,2025-02-03 13:00,0.748,11.64
BCH,USD,2025-02-03 13:00,0.702,6.46
ATOM,USD,2025-02-03 13:00,0.768,10.66
CRV,USD,2025-02-03 16:00,0.75,2.64
CRV,USD,2025-02-04 02:00,0.694,-5.95
JUP,USD,2025-02-04 04:00,0.709,-5.73
TAO,USD,2025-02-04 05:00,0.704,-1.37
RENDER,USD,2025-02-04 07:00,0.713,3.21
INJ,USD,2025-02-04 07:00,0.697,4.07
CRV,USD,2025-02-04 19:00,0.713,-1.69
PEPE,USD,2025-02-04 19:00,0.698,0.07
INJ,USD,2025-02-04 20:00,0.738,0.29
NEAR,USD,2025-02-04 21:00,0.762,2.49
KAS,USD,2025-02-04 21:00,0.69,1.24
ARB,USD,2025-02-04 21:00,0.712,2.84
UNI,USD,2025-02-04 21:00,0.74,3.22
RENDER,USD,2025-02-04 21:00,0.729,2.35
FET,USD,2025-02-04 21:00,0.709,3.6
ALGO,USD,2025-02-04 21:00,0.753,3.05
TAO,USD,2025-02-04 21:00,0.697,-0.28
SPX,USD,2025-02-25 06:00,0.703,-1.62
SPX,USD,2025-02-28 01:00,0.83,-6.82
SPX,USD,2025-02-28 05:00,0.805,4.55
ADA,USD,2025-03-02 15:00,0.71,20.23
ADA,USD,2025-03-02 19:00,0.759,9.04
ADA,USD,2025-03-02 23:00,0.81,-5.87
ADA,USD,2025-03-03 03:00,0.798,-5.19
ADA,USD,2025-03-03 08:00,0.823,4.87
ADA,USD,2025-03-03 12:00,0.882,-1.55
SPX,USD,2025-03-03 18:00,0.74,-0.98
ENA,USD,2025-03-03 18:00,0.722,-2.63
XRP,USD,2025-03-03 19:00,0.72,1.72
TAO,USD,2025-03-03 19:00,0.727,-1.43
ADA,USD,2025-03-03 19:00,0.85,2.61
AAVE,USD,2025-03-03 21:00,0.69,-3.94
CRV,USD,2025-03-03 21:00,0.696,-3.2
SOL,USD,2025-03-03 21:00,0.793,-2.35
JUP,USD,2025-03-03 21:00,0.801,-4.45
ENA,USD,2025-03-03 22:00,0.749,-4.93
SPX,USD,2025-03-03 23:00,0.755,-4.37
ADA,USD,2025-03-04 01:00,0.744,4.87
ALGO,USD,2025-03-04 01:00,0.742,2.4
INJ,USD,2025-03-04 01:00,0.723,-0.29
SUI,USD,2025-03-04 04:00,0.746,0.08
ENA,USD,2025-03-04 04:00,0.717,-0.14
SPX,USD,2025-03-04 04:00,0.755,-1.0
INJ,USD,2025-03-04 09:00,0.693,-1.85
SPX,USD,2025-03-04 09:00,0.732,-8.03
ALGO,USD,2025-03-04 13:00,0.719,5.68
CRV,USD,2025-03-04 13:00,0.69,4.19
PEPE,USD,2025-03-04 13:00,0.711,2.58
ENA,USD,2025-03-04 13:00,0.689,5.87
ONDO,USD,2025-03-04 13:00,0.697,5.79
XLM,USD,2025-03-04 13:00,0.711,4.01
DOGE,USD,2025-03-04 13:00,0.687,3.79
JUP,USD,2025-03-04 13:00,0.707,2.56
SUI,USD,2025-03-04 13:00,0.701,3.34
RENDER,USD,2025-03-04 13:00,0.721,2.61
TAO,USD,2025-03-04 13:00,0.76,5.89
SPX,USD,2025-03-04 13:00,0.86,3.67
ADA,USD,2025-03-05 12:00,0.716,-3.38
BCH,USD,2025-03-05 13:00,0.689,2.98
ONDO,USD,2025-03-07 00:00,0.687,1.45
SPX,USD,2025-03-07 21:00,0.706,-2.52
ENA,USD,2025-03-07 21:00,0.718,-0.37
SPX,USD,2025-03-09 16:00,0.833,-1.71
KAS,USD,2025-03-09 16:00,0.687,2.36
FET,USD,2025-03-09 16:00,0.739,-0.95
INJ,USD,2025-03-09 16:00,0.719,-2.21
JUP,USD,2025-03-09 16:00,0.714,3.8
AVAX,USD,2025-03-09 17:00,0.715,-0.5
PEPE,USD,2025-03-09 17:00,0.785,1.83
RENDER,USD,2025-03-09 18:00,0.704,-1.11
TAO,USD,2025-03-09 18:00,0.734,-1.05
FET,USD,2025-03-09 21:00,0.714,5.68
SPX,USD,2025-03-09 21:00,0.77,-1.23
SPX,USD,2025-03-10 05:00,0.715,0.56
SPX,USD,2025-03-10 09:00,0.695,-8.53
SPX,USD,2025-03-10 13:00,0.796,-14.9
SPX,USD,2025-03-10 17:00,0.897,-1.78
SPX,USD,2025-03-11 00:00,0.818,4.06
SPX,USD,2025-03-11 05:00,0.764,-2.27
INJ,USD,2025-03-11 12:00,0.845,4.29
FET,USD,2025-03-11 12:00,0.738,4.13
ONDO,USD,2025-03-11 12:00,0.756,2.36
AAVE,USD,2025-03-11 12:00,0.755,1.06
RENDER,USD,2025-03-11 12:00,0.696,1.13
SPX,USD,2025-03-11 12:00,0.881,3.19
ARB,USD,2025-03-11 12:00,0.695,2.5
SPX,USD,2025-03-12 02:00,0.807,-5.98
SPX,USD,2025-03-12 06:00,0.694,-1.36
SPX,USD,2025-03-12 15:00,0.731,5.51
SPX,USD,2025-03-24 11:00,0.726,-1.8
SPX,USD,2025-03-29 11:00,0.694,-2.5
SPX,USD,2025-04-02 21:00,0.712,-2.13
CRV,USD,2025-04-03 11:00,0.753,3.85
SPX,USD,2025-04-03 12:00,0.848,4.78
PEPE,USD,2025-04-03 12:00,0.796,-0.34
ENA,USD,2025-04-03 12:00,0.686,1.59
SPX,USD,2025-04-03 16:00,0.77,5.98
SPX,USD,2025-04-06 13:00,0.691,-4.84
SPX,USD,2025-04-06 17:00,0.788,-2.38
PENGU,USD,2025-04-06 18:00,0.725,-3.41
CRV,USD,2025-04-06 18:00,0.71,-1.16
AAVE,USD,2025-04-06 20:00,0.754,-1.93
SUI,USD,2025-04-06 20:00,0.754,0.41
SPX,USD,2025-04-06 21:00,0.735,9.8
SPX,USD,2025-04-07 04:00,0.696,8.5
XRP,USD,2025-04-07 06:00,0.726,7.9
SPX,USD,2025-04-08 14:00,0.716,-0.33
SPX,USD,2025-04-09 02:00,0.742,6.03
SPX,USD,2025-04-09 11:00,0.798,3.01
NEAR,USD,2025-04-09 11:00,0.722,3.08
PENGU,USD,2025-04-23 00:00,0.76,1.89
PENGU,USD,2025-04-23 10:00,0.754,-1.98
VIRTUAL,USD,2025-04-23 12:00,0.695,-3.33
SUI,USD,2025-04-23 13:00,0.74,1.24
TRUMP,USD,2025-04-23 19:00,0.794,0.71
TRUMP,USD,2025-04-23 23:00,0.695,-10.45
TRUMP,USD,2025-04-24 03:00,0.74,0.86
PENGU,USD,2025-04-25 03:00,0.693,11.81
PENGU,USD,2025-04-25 07:00,0.703,2.58
SUI,USD,2025-04-25 10:00,0.69,2.74
PENGU,USD,2025-04-25 11:00,0.87,2.39
SPX,USD,2025-04-25 11:00,0.715,0.06
VIRTUAL,USD,2025-04-25 11:00,0.691,3.92
PENGU,USD,2025-04-25 15:00,0.731,-3.11
VIRTUAL,USD,2025-04-25 20:00,0.699,-1.7
PENGU,USD,2025-04-25 21:00,0.736,5.29
VIRTUAL,USD,2025-04-26 03:00,0.726,2.39
VIRTUAL,USD,2025-04-26 11:00,0.767,4.6
SPX,USD,2025-04-26 11:00,0.734,2.78
PENGU,USD,2025-04-27 18:00,0.749,14.02
PENGU,USD,2025-04-27 22:00,0.859,-5.05
PENGU,USD,2025-04-28 04:00,0.738,0.16
XMR,USD,2025-04-28 10:00,0.731,-8.69
PENGU,USD,2025-04-28 11:00,0.821,-5.79
VIRTUAL,USD,2025-04-28 16:00,0.724,10.14
VIRTUAL,USD,2025-04-29 00:00,0.839,-2.62
PENGU,USD,2025-04-30 13:00,0.701,7.04
VIRTUAL,USD,2025-04-30 13:00,0.815,10.39
VIRTUAL,USD,2025-05-01 12:00,0.758,-0.66
VIRTUAL,USD,2025-05-06 12:00,0.766,2.09
PENGU,USD,2025-05-08 11:00,0.702,-0.64
VIRTUAL,USD,2025-05-08 21:00,0.715,1.7
PEPE,USD,2025-05-09 08:00,0.691,-4.77
ENA,USD,2025-05-09 12:00,0.687,-6.19
PENGU,USD,2025-05-09 12:00,0.706,-4.43
JUP,USD,2025-05-09 13:00,0.71,-0.57
PEPE,USD,2025-05-09 14:00,0.831,-0.39
ARB,USD,2025-05-10 23:00,0.746,0.21
SPX,USD,2025-05-18 19:00,0.725,7.98
FET,USD,2025-05-23 11:00,0.691,0.03
JUP,USD,2025-05-23 13:00,0.688,-1.44
SPX,USD,2025-05-28 14:00,0.728,4.99
SPX,USD,2025-05-29 16:00,0.737,1.79
UNI,USD,2025-06-10 12:00,0.739,1.74
VIRTUAL,USD,2025-06-17 16:00,0.711,2.0
SPX,USD,2025-06-20 16:00,0.792,4.38
SPX,USD,2025-06-21 13:00,0.723,-5.63
SPX,USD,2025-06-22 19:00,0.698,5.94
SEI,USD,2025-06-24 07:00,0.732,1.44
SEI,USD,2025-06-24 11:00,0.743,-2.37
SEI,USD,2025-06-25 00:00,0.695,3.29
PENGU,USD,2025-06-28 13:00,0.747,8.18
PENGU,USD,2025-07-10 12:00,0.689,-2.06
SEI,USD,2025-07-11 11:00,0.697,-4.67
ADA,USD,2025-07-11 13:00,0.747,-2.78
ALGO,USD,2025-07-11 13:00,0.693,-3.0
ENA,USD,2025-07-11 15:00,0.749,2.33
PENGU,USD,2025-07-11 20:00,0.702,1.33
XLM,USD,2025-07-11 22:00,0.689,9.55
PENGU,USD,2025-07-13 14:00,0.78,3.31
XLM,USD,2025-07-13 14:00,0.718,1.8
XLM,USD,2025-07-13 19:00,0.698,0.02
PENGU,USD,2025-07-13 19:00,0.756,-3.67
XLM,USD,2025-07-13 23:00,0.689,6.17
CRV,USD,2025-07-16 21:00,0.699,0.69
PENGU,USD,2025-07-21 11:00,0.695,-4.38
ENA,USD,2025-07-21 19:00,0.735,-0.79
PENGU,USD,2025-07-22 19:00,0.722,0.17
AAVE,USD,2025-08-23 13:00,0.704,-2.91
SPX,USD,2025-09-09 15:00,0.686,2.54
ENA,USD,2025-10-10 20:00,0.81,-3.61
RENDER,USD,2025-10-10 20:00,0.707,-10.95
PENGU,USD,2025-10-10 20:00,0.775,-3.47
VIRTUAL,USD,2025-10-10 20:00,0.714,-16.74
TRUMP,USD,2025-10-10 21:00,0.691,-4.49
INJ,USD,2025-10-10 21:00,0.697,-12.9
KAS,USD,2025-10-10 21:00,0.793,-0.37
JUP,USD,2025-10-10 21:00,0.756,8.69
AVAX,USD,2025-10-10 21:00,0.718,-5.35
SUI,USD,2025-10-10 21:00,0.718,-3.7
SEI,USD,2025-10-10 21:00,0.756,2.77
FET,USD,2025-10-10 21:00,0.784,-4.31
AAVE,USD,2025-10-10 21:00,0.726,-2.24
FIL,USD,2025-10-10 21:00,0.763,0.0
LINK,USD,2025-10-10 21:00,0.688,-3.67
TON,USD,2025-10-10 21:00,0.718,-1.82
ICP,USD,2025-10-10 21:00,0.689,-17.35
UNI,USD,2025-10-10 21:00,0.738,-2.6
PEPE,USD,2025-10-10 21:00,0.751,-6.43
SHIB,USD,2025-10-10 21:00,0.7,6.06
ARB,USD,2025-10-10 21:00,0.793,-1.78
DOGE,USD,2025-10-10 21:00,0.751,2.07
LTC,USD,2025-10-10 22:00,0.686,2.33
SPX,USD,2025-10-10 22:00,0.806,1.41
TAO,USD,2025-10-10 22:00,0.7,3.46
DOT,USD,2025-10-10 22:00,0.689,3.09
ATOM,USD,2025-10-10 23:00,0.843,-1.18
CRV,USD,2025-10-11 00:00,0.874,2.79
ARB,USD,2025-10-11 01:00,0.812,5.79
TRUMP,USD,2025-10-11 01:00,0.688,5.36
RENDER,USD,2025-10-11 01:00,0.854,6.66
ENA,USD,2025-10-11 01:00,0.769,-0.09
SEI,USD,2025-10-11 01:00,0.73,4.42
INJ,USD,2025-10-11 01:00,0.714,3.04
UNI,USD,2025-10-11 01:00,0.769,4.8
ICP,USD,2025-10-11 01:00,0.86,9.67
PEPE,USD,2025-10-11 01:00,0.831,4.63
PENGU,USD,2025-10-11 01:00,0.695,1.61
VIRTUAL,USD,2025-10-11 01:00,0.807,2.09
AAVE,USD,2025-10-11 01:00,0.688,6.54
FIL,USD,2025-10-11 01:00,0.701,4.31
KAS,USD,2025-10-11 01:00,0.844,16.82
SPX,USD,2025-10-11 03:00,0.69,0.88
ENA,USD,2025-10-11 08:00,0.781,-5.94
VIRTUAL,USD,2025-10-11 08:00,0.692,-2.67
FIL,USD,2025-10-11 09:00,0.695,-2.48
PENGU,USD,2025-10-11 09:00,0.754,-3.36
ARB,USD,2025-10-11 09:00,0.716,-1.32
VIRTUAL,USD,2025-10-11 12:00,0.721,0.95
KAS,USD,2025-10-11 12:00,0.784,0.03
RENDER,USD,2025-10-11 12:00,0.705,-2.66
CRV,USD,2025-10-11 12:00,0.751,0.63
ENA,USD,2025-10-11 12:00,0.772,-3.09
SPX,USD,2025-10-11 12:00,0.69,-0.72
FET,USD,2025-10-11 13:00,0.737,-2.12
SEI,USD,2025-10-11 20:00,0.77,-0.55
FIL,USD,2025-10-11 20:00,0.716,0.46
CRV,USD,2025-10-11 20:00,0.695,1.91
AVAX,USD,2025-10-11 20:00,0.712,-1.97
DOT,USD,2025-10-11 20:00,0.69,-0.3
FET,USD,2025-10-11 20:00,0.713,-1.75
NEAR,USD,2025-10-11 20:00,0.691,1.08
VIRTUAL,USD,2025-10-11 20:00,0.79,2.58
SUI,USD,2025-10-11 20:00,0.713,-2.0
ARB,USD,2025-10-11 20:00,0.736,0.37
PEPE,USD,2025-10-11 20:00,0.689,-0.68
ENA,USD,2025-10-11 20:00,0.739,-3.39
INJ,USD,2025-10-11 20:00,0.691,-0.24
PENGU,USD,2025-10-11 20:00,0.703,0.37
ENA,USD,2025-10-12 00:00,0.792,4.17
CRV,USD,2025-10-12 19:00,0.708,-2.34
VIRTUAL,USD,2025-10-25 08:00,0.698,4.63
VIRTUAL,USD,2025-10-25 12:00,0.812,6.79
VIRTUAL,USD,2025-10-25 21:00,0.76,-2.34
VIRTUAL,USD,2025-10-26 23:00,0.733,1.47
VIRTUAL,USD,2025-10-27 03:00,0.704,-3.22
VIRTUAL,USD,2025-10-27 08:00,0.733,1.79
VIRTUAL,USD,2025-10-28 19:00,0.692,0.86
VIRTUAL,USD,2025-10-30 18:00,0.698,4.18
VIRTUAL,USD,2025-10-31 02:00,0.692,1.02
ICP,USD,2025-11-04 11:00,0.827,5.59
SPX,USD,2025-11-04 12:00,0.841,1.43
ICP,USD,2025-11-04 21:00,0.783,-4.56
SPX,USD,2025-11-04 23:00,0.7,1.57
SPX,USD,2025-11-05 03:00,0.692,2.63
ICP,USD,2025-11-06 09:00,0.692,11.62
ICP,USD,2025-11-06 14:00,0.754,1.39
ICP,USD,2025-11-06 20:00,0.774,-2.4
FIL,USD,2025-11-06 22:00,0.742,8.31
FIL,USD,2025-11-07 03:00,0.787,3.3
FIL,USD,2025-11-07 07:00,0.708,-4.56
ICP,USD,2025-11-07 10:00,0.701,-1.15
FET,USD,2025-11-07 11:00,0.696,25.2
FIL,USD,2025-11-07 11:00,0.897,19.08
NEAR,USD,2025-11-07 12:00,0.703,18.96
FIL,USD,2025-11-07 20:00,0.79,-13.88
NEAR,USD,2025-11-07 20:00,0.734,-4.18
FET,USD,2025-11-07 20:00,0.835,-10.93
RENDER,USD,2025-11-07 20:00,0.694,-11.25
FIL,USD,2025-11-08 00:00,0.912,13.32
NEAR,USD,2025-11-08 00:00,0.744,3.07
FET,USD,2025-11-08 00:00,0.953,8.03
RENDER,USD,2025-11-08 00:00,0.801,2.22
FET,USD,2025-11-08 11:00,0.781,-14.14
FIL,USD,2025-11-08 12:00,0.695,-15.59
ICP,USD,2025-11-08 12:00,0.7,4.0
RENDER,USD,2025-11-08 12:00,0.704,-6.16
INJ,USD,2025-11-08 13:00,0.749,-3.07
FIL,USD,2025-11-08 17:00,0.692,4.48
ICP,USD,2025-11-08 20:00,0.694,-3.25
FET,USD,2025-11-08 21:00,0.706,-3.89
ICP,USD,2025-11-09 02:00,0.686,-0.65
XMR,USD,2025-11-09 12:00,0.69,-6.1
FIL,USD,2025-11-09 16:00,0.724,5.63
FIL,USD,2025-11-09 20:00,0.709,-3.85
RENDER,USD,2025-11-10 13:00,0.694,-3.91
UNI,USD,2025-11-10 22:00,0.846,-0.21
UNI,USD,2025-11-11 03:00,0.834,-9.54
UNI,USD,2025-11-11 07:00,0.796,2.38
UNI,USD,2025-11-11 12:00,0.741,6.35
UNI,USD,2025-11-11 17:00,0.728,-4.13
ICP,USD,2025-11-18 11:00,0.694,-2.42
ICP,USD,2025-11-19 04:00,0.713,-0.12
FET,USD,2025-11-20 16:00,0.72,-0.42
NEAR,USD,2025-11-21 09:00,0.722,-0.57
SUI,USD,2025-11-21 09:00,0.707,2.46
INJ,USD,2025-11-21 09:00,0.694,2.43
FET,USD,2025-11-21 11:00,0.785,-0.79
RENDER,USD,2025-11-21 11:00,0.702,0.89
TAO,USD,2025-11-21 11:00,0.7,2.06
ICP,USD,2025-11-21 11:00,0.718,0.02
FIL,USD,2025-11-21 22:00,0.698,1.48
PENGU,USD,2025-12-02 21:00,0.698,0.13
PEPE,USD,2026-01-02 12:00,0.779,6.53
VIRTUAL,USD,2026-01-05 11:00,0.777,1.71
RENDER,USD,2026-01-05 14:00,0.713,-3.15
RENDER,USD,2026-01-06 12:00,0.761,-3.89
RENDER,USD,2026-01-06 17:00,0.686,5.98
XMR,USD,2026-01-14 19:00,0.7,-9.85
ICP,USD,2026-01-15 01:00,0.723,0.24
XMR,USD,2026-01-20 13:00,0.704,-4.18
XMR,USD,2026-01-20 18:00,0.69,1.92
XMR,USD,2026-01-21 11:00,0.697,3.59
XMR,USD,2026-02-05 19:00,0.78,-4.99
VIRTUAL,USD,2026-02-05 19:00,0.691,-4.05
XRP,USD,2026-02-05 19:00,0.786,0.05
SPX,USD,2026-02-05 21:00,0.771,3.51
AAVE,USD,2026-02-05 21:00,0.69,4.09
XMR,USD,2026-02-05 23:00,0.815,2.01
SOL,USD,2026-02-06 08:00,0.688,3.55
XMR,USD,2026-02-06 08:00,0.695,-0.66
XMR,USD,2026-02-06 12:00,0.796,8.74
PEPE,USD,2026-02-15 12:00,0.711,1.23
INJ,USD,2026-02-21 13:00,0.739,-6.59
DOT,USD,2026-02-25 21:00,0.751,-3.63
ARB,USD,2026-02-27 11:00,0.761,-2.98
NEAR,USD,2026-03-03 04:00,0.698,-3.75
TRUMP,USD,2026-03-13 11:00,0.857,-13.49
TRUMP,USD,2026-03-13 15:00,0.869,1.54
TRUMP,USD,2026-03-13 19:00,0.725,-0.13
TAO,USD,2026-03-15 18:00,0.703,-1.21
FET,USD,2026-03-16 13:00,0.694,9.14
TAO,USD,2026-03-25 11:00,0.702,-0.28
TAO,USD,2026-03-25 17:00,0.731,-5.97
ALGO,USD,2026-04-01 11:00,0.699,-0.19
AAVE,USD,2026-04-19 17:00,0.762,-0.56
TON,USD,2026-05-05 10:00,0.757,-4.11
TON,USD,2026-05-05 23:00,0.686,5.82
TON,USD,2026-05-06 11:00,0.788,0.48
TON,USD,2026-05-07 11:00,0.756,-1.02
SUI,USD,2026-05-10 22:00,0.705,-2.78
INJ,USD,2026-05-13 12:00,0.774,-7.9
INJ,USD,2026-05-13 16:00,0.769,-3.66
NEAR,USD,2026-05-22 11:00,0.697,-1.45
NEAR,USD,2026-05-25 21:00,0.688,-3.84
XLM,USD,2026-05-28 21:00,0.692,-6.04
XLM,USD,2026-05-29 19:00,0.72,8.25
XLM,USD,2026-05-30 01:00,0.741,-5.02
XLM,USD,2026-05-30 06:00,0.753,-2.81
XLM,USD,2026-05-30 12:00,0.812,1.71
ENA,USD,2026-06-03 15:00,0.719,-4.5
ENA,USD,2026-06-03 19:00,0.731,1.36
ENA,USD,2026-06-04 00:00,0.8,-4.91
ENA,USD,2026-06-04 11:00,0.786,4.55
NEAR,USD,2026-06-04 21:00,0.78,0.69
INJ,USD,2026-06-04 21:00,0.736,1.57
RENDER,USD,2026-06-04 21:00,0.696,-1.29
NEAR,USD,2026-06-05 02:00,0.746,-1.78
ADA,USD,2026-06-05 03:00,0.778,3.08
ENA,USD,2026-06-05 05:00,0.689,3.11
INJ,USD,2026-06-05 07:00,0.724,-4.71
ICP,USD,2026-06-05 13:00,0.718,-3.14
FET,USD,2026-06-05 15:00,0.717,0.0
ONDO,USD,2026-06-05 15:00,0.687,0.84
VIRTUAL,USD,2026-06-05 15:00,0.702,-0.6
NEAR,USD,2026-06-05 15:00,0.828,3.06
XMR,USD,2026-06-05 15:00,0.694,0.96
ADA,USD,2026-06-05 15:00,0.797,2.24
RENDER,USD,2026-06-05 15:00,0.75,0.74
TON,USD,2026-06-05 15:00,0.716,1.56
FIL,USD,2026-06-05 18:00,0.748,4.91
ICP,USD,2026-06-05 18:00,0.853,8.65
POL,USD,2026-06-05 18:00,0.706,9.1
JUP,USD,2026-06-05 18:00,0.743,4.05
SEI,USD,2026-06-05 18:00,0.765,4.76
NEAR,USD,2026-06-07 19:00,0.748,4.57
TRUMP,USD,2026-06-12 12:00,0.72,-2.87
TRUMP,USD,2026-06-12 22:00,0.757,10.09
UNI,USD,2026-06-16 23:00,0.696,7.53
UNI,USD,2026-06-17 10:00,0.707,-8.04
SPX,USD,2026-06-17 11:00,0.804,4.21
SPX,USD,2026-06-17 21:00,0.7,-4.47
