time,open,high,low,close,vwap,volume,count
1790559600,0.051,0.051,0.051,0.051,0.0510,240.0,2
1790559900,0.051,0.051,0.051,0.051,0.0000,0.0,0
1790560200,0.051,0.051,0.051,0.051,0.0000,0.0,0
1790560500,0.051,0.051,0.051,0.051,0.0000,0.0,0
1790560800,0.0507,0.0507,0.0507,0.0507,0.0507,3436.54046,1
1790561100,0.0507,0.0507,0.0507,0.0507,0.0000,0.0,0
1790561400,0.0507,0.0507,0.0507,0.0507,0.0000,0.0,0
1790561700,0.0507,0.0507,0.0507,0.0507,0.0000,0.0,0
1790562000,0.0507,0.0507,0.0507,0.0507,0.0000,0.0,0
1790562300,0.0507,0.0507,0.0507,0.0507,0.0000,0.0,0
1790562600,0.0507,0.0507,0.0507,0.0507,0.0000,0.0,0
1790562900,0.0507,0.0507,0.0507,0.0507,0.0000,0.0,0
1790563200,0.0507,0.0507,0.0507,0.0507,0.0000,0.0,0
1790563500,0.0507,0.0507,0.0507,0.0507,0.0000,0.0,0
1790563800,0.0507,0.0507,0.0507,0.0507,0.0000,0.0,0
1790564100,0.0507,0.0507,0.0507,0.0507,0.0000,0.0,0
1790564400,0.0507,0.0507,0.0507,0.0507,0.0000,0.0,0
1790564700,0.0507,0.0507,0.0507,0.0507,0.0000,0.0,0
1790565000,0.0507,0.0507,0.0507,0.0507,0.0000,0.0,0
1790565300,0.0507,0.0507,0.0507,0.0507,0.0000,0.0,0
1790565600,0.0507,0.0507,0.0507,0.0507,0.0000,0.0,0
1790565900,0.0507,0.0507,0.0507,0.0507,0.0000,0.0,0
1790566200,0.0507,0.0507,0.0507,0.0507,0.0000,0.0,0
1790566500,0.0507,0.0507,0.0507,0.0507,0.0000,0.0,0
1790566800,0.0507,0.0507,0.0507,0.0507,0.0000,0.0,0
1790567100,0.0507,0.0507,0.0507,0.0507,0.0000,0.0,0
1790567400,0.0506,0.0506,0.0506,0.0506,0.0506,8677.69628,1
1790567700,0.0506,0.0506,0.0506,0.0506,0.0000,0.0,0
1790568000,0.0506,0.0506,0.0506,0.0506,0.0000,0.0,0
1790568300,0.0506,0.0506,0.0506,0.0506,0.0000,0.0,0
1790568600,0.0506,0.0506,0.0506,0.0506,0.0000,0.0,0
1790568900,0.0506,0.0506,0.0506,0.0506,0.0000,0.0,0
1790569200,0.0506,0.0506,0.0506,0.0506,0.0000,0.0,0
1790569500,0.0506,0.0506,0.0506,0.0506,0.0000,0.0,0
1790569800,0.0506,0.0506,0.0506,0.0506,0.0000,0.0,0
1790570100,0.0506,0.0506,0.0506,0.0506,0.0000,0.0,0
1790570400,0.0506,0.0506,0.0506,0.0506,0.0000,0.0,0
1790570700,0.0506,0.0506,0.0506,0.0506,0.0000,0.0,0
1790571000,0.0506,0.0506,0.0506,0.0506,0.0000,0.0,0
1790571300,0.0506,0.0506,0.0506,0.0506,0.0000,0.0,0
1790571600,0.0506,0.0506,0.0506,0.0506,0.0000,0.0,0
1790571900,0.0506,0.0506,0.0506,0.0506,0.0000,0.0,0
1790572200,0.0506,0.0506,0.0506,0.0506,0.0000,0.0,0
1790572500,0.0506,0.0506,0.0506,0.0506,0.0000,0.0,0
1790572800,0.0506,0.0506,0.0506,0.0506,0.0000,0.0,0
1790573100,0.0506,0.0506,0.0506,0.0506,0.0000,0.0,0
1790573400,0.0506,0.0506,0.0506,0.0506,0.0000,0.0,0
1790573700,0.0506,0.0506,0.0506,0.0506,0.0000,0.0,0
1790574000,0.0506,0.0506,0.0506,0.0506,0.0000,0.0,0
1790574300,0.0506,0.0506,0.0506,0.0506,0.0000,0.0,0
1790574600,0.0506,0.0506,0.0506,0.0506,0.0000,0.0,0
1790574900,0.0506,0.0506,0.0506,0.0506,0.0000,0.0,0
1790575200,0.0507,0.0507,0.0507,0.0507,0.0507,3425.97672,1
1790575500,0.0507,0.0507,0.0507,0.0507,0.0000,0.0,0
1790575800,0.0507,0.0507,0.0507,0.0507,0.0000,0.0,0
1790576100,0.0507,0.0507,0.0507,0.0507,0.0000,0.0,0
1790576400,0.0507,0.0507,0.0507,0.0507,0.0000,0.0,0
1790576700,0.0507,0.0507,0.0507,0.0507,0.0000,0.0,0
1790577000,0.0507,0.0507,0.0507,0.0507,0.0000,0.0,0
1790577300,0.0507,0.0507,0.0507,0.0507,0.0000,0.0,0
1790577600,0.0507,0.0507,0.0507,0.0507,0.0000,0.0,0
1790577900,0.0507,0.0507,0.0507,0.0507,0.0000,0.0,0
1790578200,0.0503,0.0503,0.0503,0.0503,0.0503,1988.07157,1
1790578500,0.0503,0.0503,0.0503,0.0503,0.0000,0.0,0
1790578800,0.0503,0.0503,0.0503,0.0503,0.0000,0.0,0
1790579100,0.0503,0.0503,0.0503,0.0503,0.0000,0.0,0
1790579400,0.0501,0.0501,0.0501,0.0501,0.0501,20863.61917,1
1790579700,0.0501,0.0501,0.0501,0.0501,0.0000,0.0,0
1790580000,0.05,0.05,0.05,0.05,0.0500,500.0,1
1790580300,0.05,0.05,0.05,0.05,0.0000,0.0,0
1790580600,0.05,0.05,0.05,0.05,0.0000,0.0,0
1790580900,0.0498,0.0498,0.0498,0.0498,0.0498,8824.88727,1
1790581200,0.0497,0.0497,0.0497,0.0497,0.0497,3572.89649,1
1790581500,0.0495,0.0495,0.0495,0.0495,0.0495,8856.08236,1
1790581800,0.0495,0.0495,0.0495,0.0495,0.0495,9054.41211,2
1790582100,0.0495,0.0495,0.0495,0.0495,0.0000,0.0,0
1790582400,0.0495,0.0495,0.0495,0.0495,0.0000,0.0,0
1790582700,0.0495,0.0495,0.0495,0.0495,0.0000,0.0,0
1790583000,0.0495,0.0495,0.0495,0.0495,0.0000,0.0,0
1790583300,0.0495,0.0495,0.0495,0.0495,0.0000,0.0,0
1790583600,0.0495,0.0495,0.0495,0.0495,0.0000,0.0,0
1790583900,0.0495,0.0495,0.0495,0.0495,0.0000,0.0,0
1790584200,0.0495,0.0495,0.0495,0.0495,0.0000,0.0,0
1790584500,0.0495,0.0495,0.0495,0.0495,0.0000,0.0,0
1790584800,0.0495,0.0495,0.0495,0.0495,0.0000,0.0,0
1790585100,0.0495,0.0495,0.0495,0.0495,0.0000,0.0,0
1790585400,0.0495,0.0495,0.0495,0.0495,0.0000,0.0,0
1790585700,0.0495,0.0495,0.0495,0.0495,0.0000,0.0,0
1790586000,0.0495,0.0495,0.0495,0.0495,0.0000,0.0,0
1790586300,0.0494,0.0494,0.0494,0.0494,0.0494,8897.24154,1
1790586600,0.0493,0.0495,0.0493,0.0495,0.0493,21341.7878,3
1790586900,0.0495,0.0495,0.0495,0.0495,0.0000,0.0,0
1790587200,0.0496,0.0496,0.0496,0.0496,0.0496,8860.35284,1
1790587500,0.0496,0.0496,0.0496,0.0496,0.0000,0.0,0
1790587800,0.0496,0.0496,0.0496,0.0496,0.0496,17720.04355,2
1790588100,0.0493,0.0493,0.0493,0.0493,0.0493,8897.27991,1
1790588400,0.0492,0.0492,0.0492,0.0492,0.0492,8917.5756,1
1790588700,0.0492,0.0492,0.0492,0.0492,0.0492,3612.26031,1
1790589000,0.0493,0.0493,0.0493,0.0493,0.0493,35657.07192,4
1790589300,0.0493,0.0493,0.0493,0.0493,0.0000,0.0,0
1790589600,0.0493,0.0493,0.0493,0.0493,0.0000,0.0,0
1790589900,0.0495,0.0495,0.0495,0.0495,0.0495,26976.64399,2
1790590200,0.0495,0.0495,0.0495,0.0495,0.0000,0.0,0
1790590500,0.0495,0.0495,0.0495,0.0495,0.0495,8882.30927,1
1790590800,0.0495,0.0495,0.0495,0.0495,0.0000,0.0,0
1790591100,0.0495,0.0495,0.0495,0.0495,0.0000,0.0,0
1790591400,0.0495,0.0495,0.0495,0.0495,0.0000,0.0,0
1790591700,0.0495,0.0495,0.0495,0.0495,0.0000,0.0,0
1790592000,0.0495,0.0495,0.0495,0.0495,0.0000,0.0,0
1790592300,0.0495,0.0495,0.0495,0.0495,0.0000,0.0,0
1790592600,0.0495,0.0495,0.0495,0.0495,0.0000,0.0,0
1790592900,0.0495,0.0495,0.0495,0.0495,0.0000,0.0,0
1790593200,0.0495,0.0495,0.0495,0.0495,0.0000,0.0,0
1790593500,0.0496,0.0496,0.0496,0.0496,0.0496,8864.59952,1
1790593800,0.0496,0.0496,0.0496,0.0496,0.0000,0.0,0
1790594100,0.0496,0.0496,0.0496,0.0496,0.0496,8864.40325,1
1790594400,0.0496,0.0496,0.0496,0.0496,0.0496,19224.86028,1
1790594700,0.0496,0.0496,0.0496,0.0496,0.0000,0.0,0
1790595000,0.0496,0.0496,0.0496,0.0496,0.0000,0.0,0
1790595300,0.0496,0.0496,0.0496,0.0496,0.0000,0.0,0
1790595600,0.0496,0.0496,0.0496,0.0496,0.0000,0.0,0
1790595900,0.0496,0.0496,0.0496,0.0496,0.0000,0.0,0
1790596200,0.0496,0.0496,0.0496,0.0496,0.0000,0.0,0
1790596500,0.0496,0.0496,0.0496,0.0496,0.0000,0.0,0
1790596800,0.0496,0.0496,0.0496,0.0496,0.0000,0.0,0
1790597100,0.0498,0.0498,0.0498,0.0498,0.0498,17825.93379,1
1790597400,0.0498,0.0498,0.0498,0.0498,0.0000,0.0,0
1790597700,0.0498,0.0498,0.0498,0.0498,0.0000,0.0,0
1790598000,0.05,0.05,0.05,0.05,0.0500,21031.752,3
1790598300,0.05,0.05,0.05,0.05,0.0000,0.0,0
1790598600,0.05,0.05,0.05,0.05,0.0000,0.0,0
1790598900,0.05,0.05,0.05,0.05,0.0000,0.0,0
1790599200,0.05,0.05,0.05,0.05,0.0000,0.0,0
1790599500,0.05,0.05,0.05,0.05,0.0000,0.0,0
1790599800,0.0498,0.0498,0.0498,0.0498,0.0498,26499.0729,3
1790600100,0.0498,0.0498,0.0498,0.0498,0.0000,0.0,0
1790600400,0.0498,0.0498,0.0498,0.0498,0.0000,0.0,0
1790600700,0.0496,0.0496,0.0496,0.0496,0.0496,41431.81115,2
1790601000,0.0496,0.0496,0.0496,0.0496,0.0496,8870.95863,1
1790601300,0.0496,0.0496,0.0496,0.0496,0.0000,0.0,0
1790601600,0.0496,0.0496,0.0496,0.0496,0.0000,0.0,0
1790601900,0.0497,0.0497,0.0497,0.0497,0.0497,17720.33501,2
1790602200,0.0497,0.0497,0.0497,0.0497,0.0000,0.0,0
1790602500,0.0498,0.0498,0.0498,0.0498,0.0498,8839.75118,1
1790602800,0.0498,0.0498,0.0498,0.0498,0.0000,0.0,0
1790603100,0.0498,0.0498,0.0498,0.0498,0.0000,0.0,0
1790603400,0.0497,0.0497,0.0497,0.0497,0.0497,35541.91217,3
1790603700,0.0498,0.0498,0.0498,0.0498,0.0498,8834.94662,1
1790604000,0.0498,0.0498,0.0498,0.0498,0.0000,0.0,0
1790604300,0.0496,0.0496,0.0496,0.0496,0.0496,50323.95184,3
1790604600,0.0496,0.0496,0.0496,0.0496,0.0000,0.0,0
1790604900,0.0496,0.0496,0.0496,0.0496,0.0496,8869.59108,1
1790605200,0.0496,0.0496,0.0496,0.0496,0.0000,0.0,0
1790605500,0.0494,0.0494,0.0494,0.0494,0.0494,17973.59948,1
1790605800,0.0494,0.0494,0.0494,0.0494,0.0000,0.0,0
1790606100,0.0494,0.0494,0.0494,0.0494,0.0000,0.0,0
1790606400,0.0494,0.0494,0.0494,0.0494,0.0000,0.0,0
1790606700,0.0494,0.0494,0.0494,0.0494,0.0000,0.0,0
1790607000,0.0496,0.0496,0.0496,0.0496,0.0496,42538.32988,3
1790607300,0.0496,0.0496,0.0496,0.0496,0.0496,74032.14423,3
1790607600,0.0496,0.0496,0.0496,0.0496,0.0000,0.0,0
1790607900,0.0497,0.0497,0.0497,0.0497,0.0497,8868.57537,1
1790608200,0.0495,0.0495,0.0495,0.0495,0.0495,59744.53304,4
1790608500,0.0495,0.0495,0.0495,0.0495,0.0495,8886.53187,1
1790608800,0.0493,0.0494,0.0492,0.0494,0.0492,22857.62784,3
1790609100,0.0495,0.0495,0.0495,0.0495,0.0495,5000.0,1
1790609400,0.0495,0.0495,0.0495,0.0495,0.0000,0.0,0
1790609700,0.0497,0.0497,0.0497,0.0497,0.0497,5000.0,1
1790610000,0.0497,0.0497,0.0497,0.0497,0.0000,0.0,0
1790610300,0.0497,0.0497,0.0497,0.0497,0.0497,5000.0,1
1790610600,0.0498,0.0498,0.0498,0.0498,0.0498,5000.0,1
1790610900,0.0498,0.0498,0.0498,0.0498,0.0000,0.0,0
1790611200,0.0498,0.0498,0.0498,0.0498,0.0000,0.0,0
1790611500,0.0498,0.0498,0.0498,0.0498,0.0000,0.0,0
1790611800,0.0498,0.0498,0.0498,0.0498,0.0000,0.0,0
1790612100,0.0499,0.0499,0.0499,0.0499,0.0499,13815.76843,2
1790612400,0.05,0.05,0.05,0.05,0.0500,41371.40724,2
1790612700,0.0501,0.0501,0.0501,0.0501,0.0501,12346.14304,2
1790613000,0.0501,0.0501,0.0501,0.0501,0.0501,41348.0251,2
1790613300,0.05,0.05,0.05,0.05,0.0500,8790.27971,1
1790613600,0.05,0.05,0.05,0.05,0.0000,0.0,0
1790613900,0.05,0.05,0.05,0.05,0.0000,0.0,0
1790614200,0.05,0.05,0.05,0.05,0.0000,0.0,0
1790614500,0.0499,0.0499,0.0499,0.0499,0.0499,12343.02142,2
1790614800,0.0499,0.0499,0.0499,0.0499,0.0000,0.0,0
1790615100,0.0499,0.0499,0.0499,0.0499,0.0499,26908.34133,2
1790615400,0.0498,0.0499,0.0498,0.0499,0.0498,11345.55309,2
1790615700,0.0499,0.0499,0.0499,0.0499,0.0000,0.0,0
1790616000,0.0499,0.0499,0.0499,0.0499,0.0000,0.0,0
1790616300,0.0499,0.0499,0.0499,0.0499,0.0000,0.0,0
1790616600,0.0504,0.0504,0.0504,0.0504,0.0504,5000.0,1
1790616900,0.0504,0.0504,0.0504,0.0504,0.0000,0.0,0
1790617200,0.0504,0.0504,0.0504,0.0504,0.0000,0.0,0
1790617500,0.0502,0.0502,0.0502,0.0502,0.0502,8755.10285,1
1790617800,0.0502,0.0502,0.0502,0.0502,0.0000,0.0,0
1790618100,0.0502,0.0502,0.0502,0.0502,0.0502,8755.14498,1
1790618400,0.0504,0.0504,0.0504,0.0504,0.0504,17749.14441,1
1790618700,0.0504,0.0504,0.0504,0.0504,0.0000,0.0,0
1790619000,0.0504,0.0504,0.0504,0.0504,0.0000,0.0,0
1790619300,0.0504,0.0504,0.0504,0.0504,0.0000,0.0,0
1790619600,0.0504,0.0504,0.0504,0.0504,0.0000,0.0,0
1790619900,0.0505,0.0505,0.0505,0.0505,0.0505,12138.47039,2
1790620200,0.0505,0.0505,0.0505,0.0505,0.0000,0.0,0
1790620500,0.0505,0.0505,0.0505,0.0505,0.0000,0.0,0
1790620800,0.0505,0.0505,0.0505,0.0505,0.0000,0.0,0
1790621100,0.0505,0.0505,0.0505,0.0505,0.0000,0.0,0
1790621400,0.0505,0.0505,0.0505,0.0505,0.0000,0.0,0
1790621700,0.0505,0.0505,0.0505,0.0505,0.0000,0.0,0
1790622000,0.0505,0.0505,0.0505,0.0505,0.0505,8709.18207,1
1790622300,0.0505,0.0505,0.0505,0.0505,0.0000,0.0,0
1790622600,0.0503,0.0503,0.0503,0.0503,0.0503,2074.9503,2
1790622900,0.0503,0.0503,0.0503,0.0503,0.0000,0.0,0
1790623200,0.0503,0.0503,0.0503,0.0503,0.0000,0.0,0
1790623500,0.0502,0.0502,0.0502,0.0502,0.0502,8761.80526,1
1790623800,0.0502,0.0502,0.0502,0.0502,0.0000,0.0,0
1790624100,0.05,0.05,0.05,0.05,0.0500,15818.72951,1
1790624400,0.0498,0.0498,0.0498,0.0498,0.0498,12320.59613,2
1790624700,0.0498,0.0498,0.0498,0.0498,0.0000,0.0,0
1790625000,0.0498,0.0498,0.0498,0.0498,0.0000,0.0,0
1790625300,0.0498,0.0498,0.0498,0.0498,0.0000,0.0,0
1790625600,0.0498,0.0498,0.0498,0.0498,0.0000,0.0,0
1790625900,0.0498,0.0498,0.0498,0.0498,0.0000,0.0,0
1790626200,0.0498,0.0498,0.0498,0.0498,0.0000,0.0,0
1790626500,0.0498,0.0498,0.0498,0.0498,0.0000,0.0,0
1790626800,0.0498,0.0498,0.0498,0.0498,0.0000,0.0,0
1790627100,0.0498,0.0498,0.0498,0.0498,0.0000,0.0,0
1790627400,0.0498,0.0498,0.0498,0.0498,0.0000,0.0,0
1790627700,0.0498,0.0498,0.0498,0.0498,0.0000,0.0,0
1790628000,0.0498,0.0498,0.0498,0.0498,0.0000,0.0,0
1790628300,0.0498,0.0498,0.0498,0.0498,0.0000,0.0,0
1790628600,0.0498,0.0498,0.0498,0.0498,0.0000,0.0,0
1790628900,0.0498,0.0498,0.0498,0.0498,0.0000,0.0,0
1790629200,0.0498,0.0498,0.0498,0.0498,0.0000,0.0,0
1790629500,0.0498,0.0498,0.0498,0.0498,0.0000,0.0,0
1790629800,0.0498,0.0498,0.0498,0.0498,0.0000,0.0,0
1790630100,0.0498,0.0498,0.0498,0.0498,0.0000,0.0,0
1790630400,0.0498,0.0498,0.0498,0.0498,0.0000,0.0,0
1790630700,0.0498,0.0498,0.0498,0.0498,0.0000,0.0,0
1790631000,0.0498,0.0498,0.0498,0.0498,0.0000,0.0,0
1790631300,0.0498,0.0498,0.0498,0.0498,0.0000,0.0,0
1790631600,0.0498,0.0498,0.0498,0.0498,0.0000,0.0,0
1790631900,0.0498,0.0498,0.0498,0.0498,0.0000,0.0,0
1790632200,0.0498,0.0498,0.0498,0.0498,0.0000,0.0,0
1790632500,0.0496,0.0496,0.0496,0.0496,0.0496,3468.98031,1
1790632800,0.0494,0.0494,0.0494,0.0494,0.0494,8899.43088,1
1790633100,0.0494,0.0494,0.0494,0.0494,0.0494,8899.66593,1
1790633400,0.0494,0.0494,0.0494,0.0494,0.0000,0.0,0
1790633700,0.0494,0.0494,0.0494,0.0494,0.0000,0.0,0
1790634000,0.0494,0.0494,0.0494,0.0494,0.0000,0.0,0
1790634300,0.0497,0.0497,0.0497,0.0497,0.0497,4087.48491,1
1790634600,0.0497,0.0497,0.0497,0.0497,0.0000,0.0,0
1790634900,0.0497,0.0497,0.0497,0.0497,0.0497,8846.72558,1
1790635200,0.0497,0.0497,0.0497,0.0497,0.0000,0.0,0
1790635500,0.0497,0.0497,0.0497,0.0497,0.0000,0.0,0
1790635800,0.0497,0.0497,0.0497,0.0497,0.0000,0.0,0
1790636100,0.0497,0.0497,0.0497,0.0497,0.0000,0.0,0
1790636400,0.0497,0.0497,0.0497,0.0497,0.0000,0.0,0
1790636700,0.0497,0.0497,0.0497,0.0497,0.0000,0.0,0
1790637000,0.0497,0.0497,0.0497,0.0497,0.0000,0.0,0
1790637300,0.0497,0.0497,0.0497,0.0497,0.0000,0.0,0
1790637600,0.0497,0.0497,0.0497,0.0497,0.0000,0.0,0
1790637900,0.0497,0.0497,0.0497,0.0497,0.0000,0.0,0
1790638200,0.0497,0.0497,0.0497,0.0497,0.0000,0.0,0
1790638500,0.0497,0.0497,0.0497,0.0497,0.0000,0.0,0
1790638800,0.0497,0.0497,0.0497,0.0497,0.0000,0.0,0
1790639100,0.0497,0.0497,0.0497,0.0497,0.0000,0.0,0
1790639400,0.0497,0.0497,0.0497,0.0497,0.0000,0.0,0
1790639700,0.0497,0.0497,0.0497,0.0497,0.0000,0.0,0
1790640000,0.0497,0.0497,0.0497,0.0497,0.0000,0.0,0
1790640300,0.0497,0.0497,0.0497,0.0497,0.0000,0.0,0
1790640600,0.0497,0.0497,0.0497,0.0497,0.0000,0.0,0
1790640900,0.0497,0.0497,0.0497,0.0497,0.0000,0.0,0
1790641200,0.0497,0.0497,0.0497,0.0497,0.0000,0.0,0
1790641500,0.0497,0.0497,0.0497,0.0497,0.0000,0.0,0
1790641800,0.0497,0.0497,0.0497,0.0497,0.0000,0.0,0
1790642100,0.0497,0.0497,0.0497,0.0497,0.0000,0.0,0
1790642400,0.0497,0.0497,0.0497,0.0497,0.0000,0.0,0
1790642700,0.0497,0.0497,0.0497,0.0497,0.0000,0.0,0
1790643000,0.05,0.05,0.05,0.05,0.0500,34578.87556,2
1790643300,0.05,0.05,0.05,0.05,0.0500,32578.87556,1
1790643600,0.05,0.05,0.05,0.05,0.0500,19325.78895,1
1790643900,0.05,0.05,0.05,0.05,0.0000,0.0,0
1790644200,0.05,0.05,0.05,0.05,0.0000,0.0,0
1790644500,0.05,0.05,0.05,0.05,0.0000,0.0,0
1790644800,0.0496,0.0496,0.0496,0.0496,0.0496,8867.67604,1
1790645100,0.0495,0.0495,0.0495,0.0495,0.0495,17782.36917,1
1790645400,0.0494,0.0494,0.0494,0.0494,0.0494,8903.58112,1
1790645700,0.0494,0.0494,0.0494,0.0494,0.0000,0.0,0
1790646000,0.0494,0.0494,0.0494,0.0494,0.0000,0.0,0
1790646300,0.0494,0.0494,0.0494,0.0494,0.0000,0.0,0
1790646600,0.0494,0.0494,0.0494,0.0494,0.0000,0.0,0
1790646900,0.0494,0.0494,0.0494,0.0494,0.0000,0.0,0
1790647200,0.0494,0.0494,0.0494,0.0494,0.0000,0.0,0
1790647500,0.0494,0.0494,0.0494,0.0494,0.0000,0.0,0
1790647800,0.0494,0.0494,0.0494,0.0494,0.0000,0.0,0
1790648100,0.0494,0.0494,0.0494,0.0494,0.0000,0.0,0
1790648400,0.0494,0.0494,0.0494,0.0494,0.0000,0.0,0
1790648700,0.0494,0.0494,0.0494,0.0494,0.0000,0.0,0
1790649000,0.0494,0.0494,0.0494,0.0494,0.0000,0.0,0
1790649300,0.0494,0.0494,0.0494,0.0494,0.0000,0.0,0
1790649600,0.0494,0.0494,0.0494,0.0494,0.0000,0.0,0
1790649900,0.0494,0.0494,0.0494,0.0494,0.0000,0.0,0
1790650200,0.0494,0.0494,0.0494,0.0494,0.0000,0.0,0
1790650500,0.0494,0.0494,0.0494,0.0494,0.0000,0.0,0
1790650800,0.0494,0.0494,0.0494,0.0494,0.0000,0.0,0
1790651100,0.0494,0.0494,0.0494,0.0494,0.0000,0.0,0
1790651400,0.0494,0.0494,0.0494,0.0494,0.0000,0.0,0
1790651700,0.0494,0.0494,0.0494,0.0494,0.0000,0.0,0
1790652000,0.0494,0.0494,0.0494,0.0494,0.0000,0.0,0
1790652300,0.0494,0.0494,0.0494,0.0494,0.0000,0.0,0
1790652600,0.0494,0.0494,0.0494,0.0494,0.0000,0.0,0
1790652900,0.0494,0.0494,0.0494,0.0494,0.0000,0.0,0
1790653200,0.0494,0.0494,0.0494,0.0494,0.0000,0.0,0
1790653500,0.0494,0.0494,0.0494,0.0494,0.0000,0.0,0
1790653800,0.0494,0.0494,0.0494,0.0494,0.0000,0.0,0
1790654100,0.0494,0.0494,0.0494,0.0494,0.0000,0.0,0
1790654400,0.0494,0.0494,0.0494,0.0494,0.0000,0.0,0
1790654700,0.0494,0.0494,0.0494,0.0494,0.0000,0.0,0
1790655000,0.0494,0.0494,0.0494,0.0494,0.0000,0.0,0
1790655300,0.0494,0.0494,0.0494,0.0494,0.0000,0.0,0
1790655600,0.0494,0.0494,0.0494,0.0494,0.0000,0.0,0
1790655900,0.0494,0.0494,0.0494,0.0494,0.0000,0.0,0
1790656200,0.0494,0.0494,0.0494,0.0494,0.0000,0.0,0
1790656500,0.0494,0.0494,0.0494,0.0494,0.0000,0.0,0
1790656800,0.0494,0.0494,0.0494,0.0494,0.0000,0.0,0
1790657100,0.0494,0.0494,0.0494,0.0494,0.0000,0.0,0
1790657400,0.0494,0.0494,0.0494,0.0494,0.0000,0.0,0
1790657700,0.0494,0.0494,0.0494,0.0494,0.0000,0.0,0
1790658000,0.0494,0.0494,0.0494,0.0494,0.0000,0.0,0
1790658300,0.0494,0.0494,0.0494,0.0494,0.0000,0.0,0
1790658600,0.0494,0.0494,0.0494,0.0494,0.0000,0.0,0
1790658900,0.0494,0.0494,0.0494,0.0494,0.0000,0.0,0
1790659200,0.0494,0.0494,0.0494,0.0494,0.0000,0.0,0
1790659500,0.0494,0.0494,0.0494,0.0494,0.0000,0.0,0
1790659800,0.0494,0.0494,0.0494,0.0494,0.0000,0.0,0
1790660100,0.0494,0.0494,0.0494,0.0494,0.0000,0.0,0
1790660400,0.0494,0.0494,0.0494,0.0494,0.0000,0.0,0
1790660700,0.0494,0.0494,0.0494,0.0494,0.0000,0.0,0
1790661000,0.0494,0.0494,0.0494,0.0494,0.0000,0.0,0
1790661300,0.0494,0.0494,0.0494,0.0494,0.0000,0.0,0
1790661600,0.0499,0.0499,0.0499,0.0499,0.0499,5515.0,1
1790661900,0.0499,0.0499,0.0499,0.0499,0.0000,0.0,0
1790662200,0.0499,0.0499,0.0499,0.0499,0.0000,0.0,0
1790662500,0.0498,0.0498,0.0498,0.0498,0.0498,20328.71484,2
1790662800,0.0498,0.0498,0.0498,0.0498,0.0000,0.0,0
1790663100,0.0498,0.0498,0.0498,0.0498,0.0000,0.0,0
1790663400,0.0498,0.0498,0.0498,0.0498,0.0000,0.0,0
1790663700,0.0498,0.0498,0.0498,0.0498,0.0000,0.0,0
1790664000,0.0499,0.0499,0.0499,0.0499,0.0499,140.0,1
1790664300,0.0499,0.0499,0.0499,0.0499,0.0000,0.0,0
1790664600,0.0499,0.0499,0.0499,0.0499,0.0000,0.0,0
1790664900,0.0499,0.0499,0.0499,0.0499,0.0000,0.0,0
1790665200,0.0499,0.0499,0.0499,0.0499,0.0000,0.0,0
1790665500,0.0502,0.0502,0.0502,0.0502,0.0502,12289.07278,2
1790665800,0.0504,0.0504,0.0504,0.0504,0.0504,8733.72602,1
1790666100,0.0503,0.0503,0.0503,0.0503,0.0503,41331.18939,2
1790666400,0.0503,0.0503,0.0503,0.0503,0.0000,0.0,0
1790666700,0.0503,0.0503,0.0503,0.0503,0.0000,0.0,0
1790667000,0.0503,0.0503,0.0503,0.0503,0.0000,0.0,0
1790667300,0.0503,0.0503,0.0503,0.0503,0.0000,0.0,0
1790667600,0.0503,0.0503,0.0503,0.0503,0.0000,0.0,0
1790667900,0.0503,0.0503,0.0503,0.0503,0.0000,0.0,0
1790668200,0.0503,0.0503,0.0503,0.0503,0.0000,0.0,0
1790668500,0.0503,0.0503,0.0502,0.0502,0.0502,44906.62751,3
1790668800,0.0502,0.0502,0.0502,0.0502,0.0000,0.0,0
1790669100,0.0502,0.0502,0.0502,0.0502,0.0000,0.0,0
1790669400,0.0502,0.0502,0.0502,0.0502,0.0000,0.0,0
1790669700,0.0502,0.0502,0.0502,0.0502,0.0000,0.0,0
1790670000,0.0502,0.0502,0.0502,0.0502,0.0000,0.0,0
1790670300,0.0502,0.0502,0.0502,0.0502,0.0000,0.0,0
1790670600,0.0502,0.0502,0.0502,0.0502,0.0000,0.0,0
1790670900,0.0502,0.0502,0.0502,0.0502,0.0000,0.0,0
1790671200,0.0502,0.0502,0.0502,0.0502,0.0000,0.0,0
1790671500,0.0506,0.0506,0.0506,0.0506,0.0506,3249.18379,1
1790671800,0.0505,0.0505,0.0505,0.0505,0.0505,97.49306,1
1790672100,0.0506,0.0506,0.0506,0.0506,0.0506,13709.12854,3
1790672400,0.0506,0.0506,0.0506,0.0506,0.0000,0.0,0
1790672700,0.0507,0.0507,0.0507,0.0507,0.0507,41271.90013,2
1790673000,0.0507,0.0507,0.0507,0.0507,0.0000,0.0,0
1790673300,0.0509,0.0509,0.0509,0.0509,0.0509,8664.44165,1
1790673600,0.0509,0.0509,0.0509,0.0509,0.0509,8664.68045,1
1790673900,0.0509,0.0509,0.0509,0.0509,0.0000,0.0,0
1790674200,0.0509,0.0509,0.0509,0.0509,0.0000,0.0,0
1790674500,0.0509,0.0509,0.0509,0.0509,0.0000,0.0,0
1790674800,0.0509,0.0509,0.0509,0.0509,0.0000,0.0,0
1790675100,0.0509,0.0509,0.0509,0.0509,0.0000,0.0,0
1790675400,0.0509,0.0509,0.0509,0.0509,0.0000,0.0,0
1790675700,0.0509,0.0509,0.0509,0.0509,0.0000,0.0,0
1790676000,0.051,0.051,0.051,0.051,0.0510,8650.01034,1
1790676300,0.051,0.051,0.051,0.051,0.0000,0.0,0
1790676600,0.051,0.051,0.051,0.051,0.0000,0.0,0
1790676900,0.051,0.051,0.051,0.051,0.0000,0.0,0
1790677200,0.051,0.051,0.051,0.051,0.0510,32578.87556,1
1790677500,0.051,0.051,0.051,0.051,0.0000,0.0,0
1790677800,0.051,0.051,0.051,0.051,0.0000,0.0,0
1790678100,0.051,0.051,0.051,0.051,0.0000,0.0,0
1790678400,0.051,0.051,0.051,0.051,0.0000,0.0,0
1790678700,0.0508,0.0508,0.0507,0.0507,0.0507,29895.40392,3
1790679000,0.0507,0.0507,0.0507,0.0507,0.0000,0.0,0
1790679300,0.0507,0.0507,0.0507,0.0507,0.0000,0.0,0
1790679600,0.0507,0.0507,0.0507,0.0507,0.0000,0.0,0
1790679900,0.0507,0.0507,0.0507,0.0507,0.0000,0.0,0
1790680200,0.0507,0.0507,0.0507,0.0507,0.0507,18034.31202,1
1790680500,0.0507,0.0507,0.0507,0.0507,0.0000,0.0,0
1790680800,0.0507,0.0507,0.0507,0.0507,0.0000,0.0,0
1790681100,0.0507,0.0507,0.0507,0.0507,0.0000,0.0,0
1790681400,0.0507,0.0507,0.0507,0.0507,0.0000,0.0,0
1790681700,0.0507,0.0507,0.0507,0.0507,0.0000,0.0,0
1790682000,0.0507,0.0507,0.0507,0.0507,0.0000,0.0,0
1790682300,0.0507,0.0507,0.0507,0.0507,0.0000,0.0,0
1790682600,0.0507,0.0507,0.0507,0.0507,0.0000,0.0,0
1790682900,0.0507,0.0507,0.0507,0.0507,0.0000,0.0,0
1790683200,0.0509,0.0509,0.0509,0.0509,0.0509,1616.36065,1
1790683500,0.0509,0.0509,0.0509,0.0509,0.0000,0.0,0
1790683800,0.0509,0.0509,0.0509,0.0509,0.0000,0.0,0
1790684100,0.0509,0.0509,0.0509,0.0509,0.0000,0.0,0
1790684400,0.0507,0.0507,0.0507,0.0507,0.0507,22799.98326,1
1790684700,0.0507,0.0507,0.0507,0.0507,0.0000,0.0,0
1790685000,0.0507,0.0507,0.0507,0.0507,0.0000,0.0,0
1790685300,0.0507,0.0507,0.0507,0.0507,0.0000,0.0,0
1790685600,0.0507,0.0507,0.0507,0.0507,0.0000,0.0,0
1790685900,0.0506,0.0506,0.0506,0.0506,0.0506,8708.13206,1
1790686200,0.0506,0.0506,0.0506,0.0506,0.0506,8708.3629,1
1790686500,0.0506,0.0506,0.0506,0.0506,0.0000,0.0,0
1790686800,0.0506,0.0506,0.0506,0.0506,0.0000,0.0,0
1790687100,0.0506,0.0506,0.0506,0.0506,0.0000,0.0,0
1790687400,0.0506,0.0506,0.0506,0.0506,0.0000,0.0,0
1790687700,0.0508,0.0508,0.0508,0.0508,0.0508,8675.49244,1
1790688000,0.0508,0.0508,0.0508,0.0508,0.0000,0.0,0
1790688300,0.0508,0.0508,0.0508,0.0508,0.0508,49929.93638,3
1790688600,0.0508,0.0508,0.0508,0.0508,0.0000,0.0,0
1790688900,0.0508,0.0508,0.0508,0.0508,0.0000,0.0,0
1790689200,0.0508,0.0508,0.0508,0.0508,0.0000,0.0,0
1790689500,0.0506,0.0506,0.0506,0.0506,0.0506,3916.91494,2
1790689800,0.0507,0.0507,0.0507,0.0507,0.0507,8693.1385,1
1790690100,0.0507,0.0507,0.0507,0.0507,0.0000,0.0,0
1790690400,0.0507,0.0507,0.0507,0.0507,0.0000,0.0,0
1790690700,0.0507,0.0507,0.0507,0.0507,0.0000,0.0,0
1790691000,0.0507,0.0507,0.0507,0.0507,0.0000,0.0,0
1790691300,0.0507,0.0507,0.0507,0.0507,0.0000,0.0,0
1790691600,0.0507,0.0507,0.0507,0.0507,0.0507,2058.3507,1
1790691900,0.0507,0.0507,0.0507,0.0507,0.0000,0.0,0
1790692200,0.0507,0.0507,0.0507,0.0507,0.0000,0.0,0
1790692500,0.0507,0.0507,0.0507,0.0507,0.0000,0.0,0
1790692800,0.0507,0.0507,0.0507,0.0507,0.0000,0.0,0
1790693100,0.0507,0.0507,0.0507,0.0507,0.0000,0.0,0
1790693400,0.0507,0.0507,0.0507,0.0507,0.0000,0.0,0
1790693700,0.0507,0.0507,0.0507,0.0507,0.0000,0.0,0
1790694000,0.0508,0.0508,0.0508,0.0508,0.0508,44651.89571,3
1790694300,0.0508,0.0508,0.0508,0.0508,0.0000,0.0,0
1790694600,0.0508,0.0508,0.0508,0.0508,0.0000,0.0,0
1790694900,0.0506,0.0506,0.0506,0.0506,0.0506,8717.39356,1
1790695200,0.0504,0.0504,0.0502,0.0502,0.0502,17527.57004,2
1790695500,0.0502,0.0502,0.0502,0.0502,0.0000,0.0,0
1790695800,0.0503,0.0503,0.0503,0.0503,0.0503,8771.86114,1
1790696100,0.0503,0.0503,0.0503,0.0503,0.0000,0.0,0
1790696400,0.0503,0.0503,0.0503,0.0503,0.0000,0.0,0
1790696700,0.0502,0.0502,0.0502,0.0502,0.0502,8789.13868,1
1790697000,0.0502,0.0502,0.0502,0.0502,0.0000,0.0,0
1790697300,0.0502,0.0502,0.0502,0.0502,0.0502,8787.27749,1
1790697600,0.0502,0.0502,0.0502,0.0502,0.0000,0.0,0
1790697900,0.0502,0.0502,0.0502,0.0502,0.0502,3721.26096,2
1790698200,0.0502,0.0502,0.0502,0.0502,0.0000,0.0,0
1790698500,0.0502,0.0502,0.0502,0.0502,0.0000,0.0,0
1790698800,0.0503,0.0503,0.0503,0.0503,0.0503,8789.93289,1
1790699100,0.0503,0.0503,0.0503,0.0503,0.0000,0.0,0
1790699400,0.05,0.05,0.05,0.05,0.0500,8827.17429,1
1790699700,0.05,0.05,0.05,0.05,0.0000,0.0,0
1790700000,0.05,0.05,0.05,0.05,0.0000,0.0,0
1790700300,0.05,0.05,0.05,0.05,0.0000,0.0,0
1790700600,0.0499,0.0499,0.0499,0.0499,0.0499,35711.28252,3
1790700900,0.0499,0.0499,0.0499,0.0499,0.0000,0.0,0
1790701200,0.0499,0.0499,0.0499,0.0499,0.0499,8856.20032,1
1790701500,0.0499,0.0499,0.0499,0.0499,0.0000,0.0,0
1790701800,0.0499,0.0499,0.0499,0.0499,0.0000,0.0,0
1790702100,0.0499,0.0499,0.0499,0.0499,0.0000,0.0,0
1790702400,0.0499,0.0499,0.0499,0.0499,0.0000,0.0,0
1790702700,0.0499,0.0499,0.0499,0.0499,0.0000,0.0,0
1790703000,0.05,0.05,0.05,0.05,0.0500,8835.79712,1
1790703300,0.05,0.05,0.05,0.05,0.0000,0.0,0
1790703600,0.05,0.05,0.05,0.05,0.0000,0.0,0
1790703900,0.0499,0.0499,0.0499,0.0499,0.0499,23142.15669,2
1790704200,0.0499,0.0499,0.0499,0.0499,0.0000,0.0,0
1790704500,0.0499,0.0499,0.0499,0.0499,0.0000,0.0,0
1790704800,0.0499,0.0499,0.0499,0.0499,0.0000,0.0,0
1790705100,0.05,0.05,0.05,0.05,0.0500,5515.0,1
1790705400,0.05,0.05,0.05,0.05,0.0000,0.0,0
1790705700,0.05,0.05,0.05,0.05,0.0000,0.0,0
1790706000,0.05,0.05,0.05,0.05,0.0000,0.0,0
1790706300,0.05,0.05,0.05,0.05,0.0500,4466.69796,1
1790706600,0.05,0.05,0.05,0.05,0.0000,0.0,0
1790706900,0.0501,0.0501,0.0501,0.0501,0.0501,21144.03888,3
1790707200,0.0501,0.0501,0.0501,0.0501,0.0000,0.0,0
1790707500,0.0501,0.0501,0.0501,0.0501,0.0000,0.0,0
1790707800,0.0501,0.0501,0.0501,0.0501,0.0000,0.0,0
1790708100,0.0501,0.0501,0.0501,0.0501,0.0000,0.0,0
1790708400,0.0501,0.0501,0.0501,0.0501,0.0000,0.0,0
1790708700,0.0501,0.0501,0.0501,0.0501,0.0000,0.0,0
1790709000,0.0501,0.0501,0.0501,0.0501,0.0000,0.0,0
1790709300,0.0501,0.0501,0.0501,0.0501,0.0000,0.0,0
1790709600,0.0501,0.0501,0.0501,0.0501,0.0000,0.0,0
1790709900,0.0501,0.0501,0.0501,0.0501,0.0000,0.0,0
1790710200,0.0501,0.0501,0.0501,0.0501,0.0000,0.0,0
1790710500,0.0501,0.0501,0.0501,0.0501,0.0000,0.0,0
1790710800,0.0501,0.0501,0.0501,0.0501,0.0000,0.0,0
1790711100,0.0501,0.0501,0.0501,0.0501,0.0000,0.0,0
1790711400,0.0501,0.0501,0.0501,0.0501,0.0501,8803.80552,1
1790711700,0.0501,0.0501,0.0501,0.0501,0.0000,0.0,0
1790712000,0.0501,0.0501,0.0501,0.0501,0.0000,0.0,0
1790712300,0.0499,0.0499,0.0499,0.0499,0.0499,8836.36464,1
1790712600,0.0499,0.0499,0.0499,0.0499,0.0000,0.0,0
1790712900,0.0499,0.0499,0.0499,0.0499,0.0000,0.0,0
1790713200,0.0501,0.0501,0.0501,0.0501,0.0501,8803.80631,1
1790713500,0.0502,0.0502,0.0502,0.0502,0.0502,26359.04226,3
1790713800,0.0502,0.0502,0.0502,0.0502,0.0502,8786.2314,1
1790714100,0.0502,0.0502,0.0502,0.0502,0.0000,0.0,0
1790714400,0.0502,0.0502,0.0502,0.0502,0.0000,0.0,0
1790714700,0.0502,0.0502,0.0502,0.0502,0.0000,0.0,0
1790715000,0.0502,0.0502,0.0502,0.0502,0.0000,0.0,0
1790715300,0.0501,0.0501,0.0501,0.0501,0.0501,8798.83973,1
1790715600,0.0501,0.0501,0.0501,0.0501,0.0000,0.0,0
1790715900,0.0501,0.0501,0.0501,0.0501,0.0000,0.0,0
1790716200,0.0501,0.0501,0.0501,0.0501,0.0501,8799.07494,1
1790716500,0.0501,0.0501,0.0501,0.0501,0.0000,0.0,0
1790716800,0.05,0.05,0.05,0.05,0.0500,12406.1727,2
1790717100,0.05,0.05,0.05,0.05,0.0500,8816.21343,2
1790717400,0.05,0.05,0.05,0.05,0.0000,0.0,0
1790717700,0.05,0.05,0.05,0.05,0.0000,0.0,0
1790718000,0.05,0.05,0.05,0.05,0.0000,0.0,0
1790718300,0.05,0.05,0.05,0.05,0.0000,0.0,0
1790718600,0.05,0.05,0.05,0.05,0.0000,0.0,0
1790718900,0.05,0.05,0.05,0.05,0.0000,0.0,0
1790719200,0.05,0.05,0.05,0.05,0.0000,0.0,0
1790719500,0.05,0.05,0.05,0.05,0.0000,0.0,0
1790719800,0.05,0.05,0.05,0.05,0.0000,0.0,0
1790720100,0.05,0.05,0.05,0.05,0.0000,0.0,0
1790720400,0.05,0.05,0.05,0.05,0.0000,0.0,0
1790720700,0.05,0.05,0.05,0.05,0.0000,0.0,0
1790721000,0.05,0.05,0.05,0.05,0.0000,0.0,0
1790721300,0.0499,0.0499,0.0499,0.0499,0.0499,12363.85929,2
1790721600,0.0499,0.0499,0.0499,0.0499,0.0000,0.0,0
1790721900,0.0499,0.0499,0.0499,0.0499,0.0499,8837.29813,1
1790722200,0.0499,0.0499,0.0499,0.0499,0.0000,0.0,0
1790722500,0.0499,0.0499,0.0499,0.0499,0.0000,0.0,0
1790722800,0.0499,0.0499,0.0499,0.0499,0.0000,0.0,0
1790723100,0.0499,0.0499,0.0499,0.0499,0.0000,0.0,0
1790723400,0.0499,0.0499,0.0499,0.0499,0.0000,0.0,0
1790723700,0.0499,0.0499,0.0499,0.0499,0.0000,0.0,0
1790724000,0.0499,0.0499,0.0499,0.0499,0.0499,41415.04558,2
1790724300,0.0499,0.0499,0.0499,0.0499,0.0000,0.0,0
1790724600,0.0499,0.0499,0.0499,0.0499,0.0000,0.0,0
1790724900,0.0498,0.0498,0.0498,0.0498,0.0498,68017.37138,4
1790725200,0.0498,0.0498,0.0498,0.0498,0.0000,0.0,0
1790725500,0.0498,0.0498,0.0498,0.0498,0.0498,8854.22427,1
1790725800,0.0498,0.0498,0.0498,0.0498,0.0000,0.0,0
1790726100,0.0498,0.0498,0.0498,0.0498,0.0000,0.0,0
1790726400,0.0498,0.0498,0.0498,0.0498,0.0000,0.0,0
1790726700,0.0498,0.0498,0.0498,0.0498,0.0000,0.0,0
1790727000,0.0498,0.0498,0.0498,0.0498,0.0000,0.0,0
1790727300,0.0499,0.0499,0.0499,0.0499,0.0499,8835.78186,1
1790727600,0.0499,0.0499,0.0499,0.0499,0.0000,0.0,0
1790727900,0.0499,0.0499,0.0499,0.0499,0.0000,0.0,0
1790728200,0.0499,0.0499,0.0499,0.0499,0.0000,0.0,0
1790728500,0.0499,0.0499,0.0499,0.0499,0.0000,0.0,0
1790728800,0.0499,0.0499,0.0499,0.0499,0.0000,0.0,0
1790729100,0.05,0.05,0.05,0.05,0.0500,8819.42971,1
1790729400,0.05,0.05,0.05,0.05,0.0500,41399.9389,2
1790729700,0.05,0.05,0.05,0.05,0.0500,8818.45758,1
1790730000,0.0502,0.0502,0.0502,0.0502,0.0502,13785.61428,2
1790730300,0.0502,0.0502,0.0502,0.0502,0.0502,8785.68384,1
1790730600,0.0503,0.0503,0.0503,0.0503,0.0503,5000.0,1
1790730900,0.0504,0.0504,0.0504,0.0504,0.0504,32578.87556,1
1790731200,0.0505,0.0505,0.0505,0.0505,0.0505,5000.0,1
1790731500,0.0505,0.0505,0.0505,0.0505,0.0000,0.0,0
1790731800,0.0505,0.0505,0.0505,0.0505,0.0000,0.0,0
1790732100,0.0504,0.0504,0.0504,0.0504,0.0504,3410.91527,1
1790732400,0.0504,0.0504,0.0504,0.0504,0.0000,0.0,0
1790732700,0.0504,0.0504,0.0504,0.0504,0.0000,0.0,0
1790733000,0.0504,0.0504,0.0504,0.0504,0.0000,0.0,0
1790733300,0.0504,0.0504,0.0504,0.0504,0.0000,0.0,0
1790733600,0.0504,0.0504,0.0504,0.0504,0.0000,0.0,0
1790733900,0.0504,0.0504,0.0504,0.0504,0.0000,0.0,0
1790734200,0.0504,0.0504,0.0504,0.0504,0.0000,0.0,0
1790734500,0.0504,0.0504,0.0504,0.0504,0.0000,0.0,0
1790734800,0.0504,0.0504,0.0504,0.0504,0.0000,0.0,0
1790735100,0.0504,0.0504,0.0504,0.0504,0.0000,0.0,0
1790735400,0.0504,0.0504,0.0504,0.0504,0.0000,0.0,0
1790735700,0.0504,0.0504,0.0504,0.0504,0.0000,0.0,0
1790736000,0.0504,0.0504,0.0504,0.0504,0.0000,0.0,0
1790736300,0.0504,0.0504,0.0504,0.0504,0.0000,0.0,0
1790736600,0.0504,0.0504,0.0504,0.0504,0.0000,0.0,0
1790736900,0.0504,0.0504,0.0504,0.0504,0.0000,0.0,0
1790737200,0.0504,0.0504,0.0504,0.0504,0.0000,0.0,0
1790737500,0.0504,0.0504,0.0504,0.0504,0.0000,0.0,0
1790737800,0.0504,0.0504,0.0504,0.0504,0.0000,0.0,0
1790738100,0.0504,0.0504,0.0504,0.0504,0.0000,0.0,0
1790738400,0.0506,0.0506,0.0506,0.0506,0.0506,47084.11123,6
1790738700,0.0506,0.0506,0.0506,0.0506,0.0000,0.0,0
1790739000,0.0506,0.0506,0.0506,0.0506,0.0000,0.0,0
1790739300,0.0506,0.0506,0.0506,0.0506,0.0000,0.0,0
1790739600,0.0506,0.0506,0.0506,0.0506,0.0000,0.0,0
1790739900,0.0506,0.0506,0.0506,0.0506,0.0000,0.0,0
1790740200,0.0505,0.0505,0.0505,0.0505,0.0505,41315.1447,2
1790740500,0.0505,0.0505,0.0502,0.0503,0.0503,722191.30396,51
1790740800,0.0503,0.0505,0.0503,0.0505,0.0503,21573.22707,3
1790741100,0.0504,0.0504,0.0501,0.0501,0.0502,246239.52626,24
1790741400,0.0502,0.0502,0.0502,0.0502,0.0502,3888.41007,2
1790741700,0.0503,0.0503,0.0501,0.0502,0.0502,312114.7135,29
1790742000,0.0502,0.0504,0.0499,0.05,0.0501,490964.70093,46
1790742300,0.05,0.0501,0.05,0.05,0.0500,155025.00545,14
1790742600,0.05,0.05,0.05,0.05,0.0500,73456.03567,6
1790742900,0.05,0.05,0.0497,0.0499,0.0498,480990.73094,46
1790743200,0.0498,0.0499,0.0497,0.0497,0.0498,144261.61248,14
1790743500,0.0498,0.0498,0.0495,0.0495,0.0496,464677.57347,44
1790743800,0.0495,0.0495,0.0495,0.0495,0.0495,2018.44088,1
1790744100,0.0496,0.0496,0.0492,0.0494,0.0494,461109.76746,46
1790744400,0.0495,0.0495,0.0495,0.0495,0.0495,19234.23094,1
1790744700,0.0495,0.0495,0.0495,0.0495,0.0000,0.0,0
1790745000,0.0498,0.0498,0.0498,0.0498,0.0498,7008.03212,2
1790745300,0.0498,0.0498,0.0498,0.0498,0.0498,11030.0,2
1790745600,0.0498,0.0499,0.0498,0.0499,0.0498,16030.0,3
1790745900,0.0499,0.0499,0.0499,0.0499,0.0499,5000.0,1
1790746200,0.05,0.05,0.05,0.05,0.0500,5515.0,1
1790746500,0.05,0.05,0.05,0.05,0.0000,0.0,0
1790746800,0.05,0.05,0.05,0.05,0.0000,0.0,0
1790747100,0.05,0.05,0.05,0.05,0.0000,0.0,0
1790747400,0.05,0.05,0.05,0.05,0.0000,0.0,0
1790747700,0.05,0.05,0.05,0.05,0.0000,0.0,0
1790748000,0.05,0.05,0.05,0.05,0.0500,24526.61499,2
1790748300,0.0499,0.0499,0.0499,0.0499,0.0499,42269.36449,3
1790748600,0.0498,0.0498,0.0498,0.0498,0.0498,14362.16491,2
1790748900,0.0498,0.0498,0.0498,0.0498,0.0000,0.0,0
1790749200,0.0498,0.0498,0.0498,0.0498,0.0498,5515.0,1
1790749500,0.0498,0.0498,0.0498,0.0498,0.0000,0.0,0
1790749800,0.0497,0.0497,0.0497,0.0497,0.0497,20059.73515,1
1790750100,0.0497,0.0497,0.0497,0.0497,0.0497,516.52893,1
1790750400,0.0497,0.0497,0.0497,0.0497,0.0497,8346.95553,1
1790750700,0.0497,0.0497,0.0497,0.0497,0.0497,18903.41211,1
1790751000,0.0497,0.0497,0.0497,0.0497,0.0000,0.0,0
1790751300,0.0497,0.0497,0.0497,0.0497,0.0000,0.0,0
1790751600,0.0497,0.0497,0.0497,0.0497,0.0000,0.0,0
1790751900,0.0497,0.0497,0.0497,0.0497,0.0000,0.0,0
1790752200,0.0497,0.0497,0.0497,0.0497,0.0497,2007.02772,1
1790752500,0.0497,0.0497,0.0497,0.0497,0.0000,0.0,0
1790752800,0.05,0.05,0.05,0.05,0.0500,8808.16671,1
1790753100,0.05,0.05,0.05,0.05,0.0500,8808.63071,1
1790753400,0.0499,0.0499,0.0498,0.0498,0.0498,26771.08191,3
1790753700,0.0498,0.0498,0.0498,0.0498,0.0498,12392.03358,2
1790754000,0.0498,0.0498,0.0498,0.0498,0.0000,0.0,0
1790754300,0.0498,0.0498,0.0498,0.0498,0.0000,0.0,0
1790754600,0.0499,0.0499,0.0499,0.0499,0.0499,5515.0,1
1790754900,0.0499,0.0499,0.0498,0.0498,0.0498,40602.38732,6
1790755200,0.0498,0.0498,0.0498,0.0498,0.0000,0.0,0
1790755500,0.0498,0.0498,0.0498,0.0498,0.0000,0.0,0
1790755800,0.0497,0.0497,0.0497,0.0497,0.0497,17980.95291,1
1790756100,0.0497,0.0498,0.0497,0.0498,0.0497,25481.12746,2
1790756400,0.0498,0.0498,0.0498,0.0498,0.0000,0.0,0
1790756700,0.0498,0.0498,0.0498,0.0498,0.0000,0.0,0
1790757000,0.0498,0.0498,0.0498,0.0498,0.0000,0.0,0
1790757300,0.0496,0.0496,0.0496,0.0496,0.0496,8862.31526,1
1790757600,0.0496,0.0496,0.0496,0.0496,0.0000,0.0,0
1790757900,0.0496,0.0496,0.0496,0.0496,0.0000,0.0,0
1790758200,0.0496,0.0496,0.0496,0.0496,0.0000,0.0,0
1790758500,0.0498,0.0498,0.0498,0.0498,0.0498,5515.0,1
1790758800,0.0498,0.0498,0.0498,0.0498,0.0000,0.0,0
1790759100,0.0498,0.0498,0.0498,0.0498,0.0498,11030.0,2
1790759400,0.0498,0.0498,0.0498,0.0498,0.0000,0.0,0
1790759700,0.0498,0.0498,0.0498,0.0498,0.0000,0.0,0
1790760000,0.0498,0.0498,0.0498,0.0498,0.0000,0.0,0
1790760300,0.0499,0.0499,0.0499,0.0499,0.0499,8823.87551,1
1790760600,0.0499,0.0499,0.0499,0.0499,0.0000,0.0,0
1790760900,0.0499,0.0499,0.0499,0.0499,0.0499,8805.20483,1
1790761200,0.0499,0.0499,0.0499,0.0499,0.0499,8825.07784,1
1790761500,0.0499,0.0499,0.0499,0.0499,0.0499,13642.06106,3
1790761800,0.0499,0.0499,0.0499,0.0499,0.0499,41400.84438,3
1790762100,0.0499,0.0499,0.0499,0.0499,0.0499,5515.0,1
1790762400,0.0499,0.0499,0.0498,0.0498,0.0498,87284.837,5
1790762700,0.0498,0.0498,0.0498,0.0498,0.0000,0.0,0
1790763000,0.0498,0.0498,0.0498,0.0498,0.0498,19522.03348,1
1790763300,0.0498,0.0498,0.0498,0.0498,0.0498,32578.87556,2
1790763600,0.0499,0.0499,0.0499,0.0499,0.0499,17726.49178,1
1790763900,0.0499,0.0499,0.0499,0.0499,0.0000,0.0,0
1790764200,0.0499,0.0499,0.0499,0.0499,0.0000,0.0,0
1790764500,0.0499,0.0499,0.0499,0.0499,0.0000,0.0,0
1790764800,0.0499,0.0499,0.0499,0.0499,0.0499,8823.09223,1
1790765100,0.0499,0.0499,0.0499,0.0499,0.0499,8823.01719,1
1790765400,0.0499,0.0499,0.0499,0.0499,0.0000,0.0,0
1790765700,0.0498,0.0498,0.0498,0.0498,0.0498,18025.88475,1
1790766000,0.0498,0.0498,0.0497,0.0497,0.0497,41419.34226,2
1790766300,0.0497,0.0497,0.0497,0.0497,0.0000,0.0,0
1790766600,0.0497,0.0497,0.0497,0.0497,0.0000,0.0,0
1790766900,0.0497,0.0497,0.0497,0.0497,0.0497,442.72942,1
1790767200,0.0497,0.0497,0.0497,0.0497,0.0000,0.0,0
1790767500,0.0497,0.0497,0.0497,0.0497,0.0000,0.0,0
1790767800,0.0497,0.0497,0.0497,0.0497,0.0000,0.0,0
1790768100,0.0497,0.0497,0.0497,0.0497,0.0000,0.0,0
1790768400,0.0497,0.0497,0.0497,0.0497,0.0000,0.0,0
1790768700,0.0497,0.0497,0.0497,0.0497,0.0000,0.0,0
1790769000,0.0497,0.0497,0.0497,0.0497,0.0000,0.0,0
1790769300,0.0498,0.0498,0.0498,0.0498,0.0498,161.29032,1
1790769600,0.0498,0.0498,0.0498,0.0498,0.0000,0.0,0
1790769900,0.0498,0.0498,0.0498,0.0498,0.0000,0.0,0
1790770200,0.0498,0.0498,0.0498,0.0498,0.0000,0.0,0
1790770500,0.0497,0.0497,0.0497,0.0497,0.0497,32578.87556,2
1790770800,0.0497,0.0497,0.0497,0.0497,0.0000,0.0,0
1790771100,0.0497,0.0497,0.0497,0.0497,0.0000,0.0,0
1790771400,0.0499,0.0499,0.0499,0.0499,0.0499,53533.00312,5
1790771700,0.0499,0.0499,0.0499,0.0499,0.0000,0.0,0
1790772000,0.05,0.05,0.05,0.05,0.0500,97736.62668,5
1790772300,0.05,0.05,0.05,0.05,0.0000,0.0,0
1790772600,0.05,0.05,0.05,0.05,0.0000,0.0,0
1790772900,0.0501,0.0501,0.0501,0.0501,0.0501,14294.17649,2
1790773200,0.0501,0.0501,0.0501,0.0501,0.0000,0.0,0
1790773500,0.0501,0.0501,0.0501,0.0501,0.0000,0.0,0
1790773800,0.0501,0.0501,0.0501,0.0501,0.0000,0.0,0
1790774100,0.0501,0.0501,0.0501,0.0501,0.0000,0.0,0
1790774400,0.0501,0.0501,0.0501,0.0501,0.0000,0.0,0
1790774700,0.0501,0.0501,0.0501,0.0501,0.0000,0.0,0
1790775000,0.0501,0.0501,0.0501,0.0501,0.0501,16851.41594,2
1790775300,0.0496,0.0496,0.0495,0.0496,0.0495,35227.60709,4
1790775600,0.0496,0.0496,0.0496,0.0496,0.0000,0.0,0
1790775900,0.0496,0.0497,0.0496,0.0497,0.0496,51962.09712,5
1790776200,0.0497,0.0497,0.0496,0.0496,0.0496,23316.36081,2
1790776500,0.0496,0.0496,0.0496,0.0496,0.0000,0.0,0
1790776800,0.0496,0.0496,0.0496,0.0496,0.0496,5515.0,1
1790777100,0.0497,0.0497,0.0497,0.0497,0.0497,19043.79343,1
1790777400,0.0496,0.0496,0.0496,0.0496,0.0496,8875.25285,1
1790777700,0.0495,0.0495,0.0495,0.0495,0.0495,91461.60392,6
1790778000,0.0495,0.0495,0.0493,0.0493,0.0494,13892.36321,2
1790778300,0.0496,0.05,0.0496,0.0497,0.0498,97391.74565,9
1790778600,0.0497,0.0497,0.0497,0.0497,0.0000,0.0,0
1790778900,0.0494,0.0494,0.0494,0.0494,0.0494,5515.0,1
1790779200,0.0494,0.0494,0.0494,0.0494,0.0000,0.0,0
1790779500,0.0494,0.0494,0.0494,0.0494,0.0000,0.0,0
1790779800,0.0494,0.0494,0.0494,0.0494,0.0000,0.0,0
1790780100,0.0494,0.0494,0.0494,0.0494,0.0000,0.0,0
1790780400,0.0496,0.0496,0.0496,0.0496,0.0496,12499.26476,2
1790780700,0.0495,0.0495,0.0495,0.0495,0.0495,18321.97804,1
1790781000,0.0495,0.0495,0.0495,0.0495,0.0000,0.0,0
1790781300,0.0495,0.0495,0.0495,0.0495,0.0000,0.0,0
1790781600,0.0495,0.0495,0.0495,0.0495,0.0000,0.0,0
1790781900,0.0494,0.0494,0.0494,0.0494,0.0494,8914.36179,1
1790782200,0.0494,0.0494,0.0494,0.0494,0.0000,0.0,0
1790782500,0.0494,0.0494,0.0494,0.0494,0.0000,0.0,0
1790782800,0.0494,0.0494,0.0494,0.0494,0.0000,0.0,0
1790783100,0.0494,0.0494,0.0494,0.0494,0.0000,0.0,0
1790783400,0.0495,0.0495,0.0495,0.0495,0.0495,8899.065,1
1790783700,0.0495,0.0495,0.0495,0.0495,0.0000,0.0,0
1790784000,0.0495,0.0495,0.0495,0.0495,0.0000,0.0,0
1790784300,0.0495,0.0495,0.0495,0.0495,0.0000,0.0,0
1790784600,0.0495,0.0495,0.0495,0.0495,0.0000,0.0,0
1790784900,0.0495,0.0495,0.0495,0.0495,0.0000,0.0,0
1790785200,0.0495,0.0495,0.0495,0.0495,0.0495,8909.7341,1
1790785500,0.0495,0.0495,0.0495,0.0495,0.0000,0.0,0
1790785800,0.0495,0.0495,0.0495,0.0495,0.0000,0.0,0
1790786100,0.0494,0.0494,0.0494,0.0494,0.0494,8928.83758,1
1790786400,0.0494,0.0494,0.0494,0.0494,0.0000,0.0,0
1790786700,0.0494,0.0494,0.0494,0.0494,0.0000,0.0,0
1790787000,0.0496,0.0496,0.0496,0.0496,0.0496,8892.24154,1
1790787300,0.0496,0.0496,0.0496,0.0496,0.0000,0.0,0
1790787600,0.0496,0.0496,0.0496,0.0496,0.0000,0.0,0
1790787900,0.0496,0.0496,0.0496,0.0496,0.0000,0.0,0
1790788200,0.0496,0.0496,0.0496,0.0496,0.0000,0.0,0
1790788500,0.0496,0.0496,0.0496,0.0496,0.0000,0.0,0
1790788800,0.0496,0.0496,0.0496,0.0496,0.0000,0.0,0
1790789100,0.0496,0.0496,0.0496,0.0496,0.0000,0.0,0
1790789400,0.0496,0.0496,0.0496,0.0496,0.0000,0.0,0
1790789700,0.0493,0.0493,0.0493,0.0493,0.0493,28527.74504,3
1790790000,0.0492,0.0492,0.0491,0.0491,0.0491,79832.02385,10
1790790300,0.0491,0.0491,0.049,0.049,0.0490,35428.55099,5
1790790600,0.049,0.049,0.049,0.049,0.0000,0.0,0
1790790900,0.049,0.049,0.049,0.049,0.0000,0.0,0
1790791200,0.0491,0.0491,0.049,0.049,0.0490,79656.38235,5
1790791500,0.049,0.049,0.049,0.049,0.0000,0.0,0
1790791800,0.0491,0.0491,0.0491,0.0491,0.0491,50546.60248,4
1790792100,0.0491,0.0491,0.0491,0.0491,0.0000,0.0,0
1790792400,0.0491,0.0491,0.0491,0.0491,0.0000,0.0,0
1790792700,0.0491,0.0491,0.0491,0.0491,0.0000,0.0,0
1790793000,0.0492,0.0492,0.0492,0.0492,0.0492,5515.0,1
1790793300,0.0492,0.0492,0.0492,0.0492,0.0000,0.0,0
1790793600,0.049,0.049,0.049,0.049,0.0490,19052.03969,1
1790793900,0.049,0.049,0.049,0.049,0.0000,0.0,0
1790794200,0.049,0.049,0.049,0.049,0.0000,0.0,0
1790794500,0.049,0.049,0.049,0.049,0.0000,0.0,0
1790794800,0.049,0.049,0.049,0.049,0.0000,0.0,0
1790795100,0.049,0.049,0.049,0.049,0.0000,0.0,0
1790795400,0.0488,0.0488,0.0488,0.0488,0.0488,9044.23726,1
1790795700,0.0488,0.0488,0.0488,0.0488,0.0000,0.0,0
1790796000,0.0488,0.0488,0.0488,0.0488,0.0000,0.0,0
1790796300,0.0488,0.0488,0.0488,0.0488,0.0000,0.0,0
1790796600,0.0488,0.0488,0.0488,0.0488,0.0000,0.0,0
1790796900,0.0488,0.0488,0.0488,0.0488,0.0000,0.0,0
1790797200,0.0488,0.0488,0.0488,0.0488,0.0000,0.0,0
1790797500,0.0488,0.0488,0.0488,0.0488,0.0000,0.0,0
1790797800,0.0488,0.0488,0.0488,0.0488,0.0000,0.0,0
1790798100,0.0488,0.0488,0.0488,0.0488,0.0000,0.0,0
1790798400,0.0488,0.0488,0.0488,0.0488,0.0000,0.0,0
1790798700,0.0488,0.0488,0.0488,0.0488,0.0000,0.0,0
1790799000,0.0488,0.0488,0.0488,0.0488,0.0000,0.0,0
1790799300,0.0488,0.0488,0.0488,0.0488,0.0000,0.0,0
1790799600,0.0488,0.0488,0.0488,0.0488,0.0000,0.0,0
1790799900,0.0488,0.0488,0.0488,0.0488,0.0000,0.0,0
1790800200,0.0488,0.0488,0.0488,0.0488,0.0000,0.0,0
1790800500,0.0488,0.0488,0.0488,0.0488,0.0000,0.0,0
1790800800,0.0489,0.0489,0.0489,0.0489,0.0489,9023.59268,1
1790801100,0.0489,0.0489,0.0489,0.0489,0.0000,0.0,0
1790801400,0.0489,0.0489,0.0489,0.0489,0.0000,0.0,0
1790801700,0.0488,0.0488,0.0488,0.0488,0.0488,21635.04116,4
1790802000,0.0488,0.0488,0.0488,0.0488,0.0000,0.0,0
1790802300,0.0488,0.0488,0.0488,0.0488,0.0000,0.0,0
1790802600,0.0488,0.0488,0.0488,0.0488,0.0000,0.0,0
1790802900,0.0488,0.0488,0.0488,0.0488,0.0000,0.0,0
1790803200,0.0487,0.0487,0.0487,0.0487,0.0487,2035.04297,1
1790803500,0.0487,0.0487,0.0487,0.0487,0.0000,0.0,0
1790803800,0.0487,0.0487,0.0487,0.0487,0.0000,0.0,0
1790804100,0.0487,0.0487,0.0487,0.0487,0.0000,0.0,0
1790804400,0.0487,0.0487,0.0487,0.0487,0.0000,0.0,0
1790804700,0.0485,0.0485,0.0482,0.0482,0.0482,43051.44209,7
1790805000,0.0482,0.0482,0.0482,0.0482,0.0482,28393.24487,4
1790805300,0.0482,0.0482,0.0482,0.0482,0.0482,9154.40484,1
1790805600,0.0482,0.0482,0.0482,0.0482,0.0000,0.0,0
1790805900,0.0482,0.0482,0.0482,0.0482,0.0000,0.0,0
1790806200,0.0482,0.0482,0.0482,0.0482,0.0000,0.0,0
1790806500,0.0482,0.0482,0.0482,0.0482,0.0000,0.0,0
1790806800,0.0482,0.0482,0.0482,0.0482,0.0000,0.0,0
1790807100,0.0482,0.0482,0.0482,0.0482,0.0000,0.0,0
1790807400,0.0482,0.0482,0.0482,0.0482,0.0000,0.0,0
1790807700,0.0482,0.0482,0.0482,0.0482,0.0000,0.0,0
1790808000,0.0482,0.0482,0.0482,0.0482,0.0000,0.0,0
1790808300,0.0482,0.0482,0.0482,0.0482,0.0000,0.0,0
1790808600,0.0482,0.0482,0.0482,0.0482,0.0000,0.0,0
1790808900,0.0482,0.0482,0.0482,0.0482,0.0000,0.0,0
1790809200,0.0482,0.0482,0.0482,0.0482,0.0000,0.0,0
1790809500,0.0482,0.0482,0.0482,0.0482,0.0000,0.0,0
1790809800,0.0482,0.0482,0.0482,0.0482,0.0000,0.0,0
1790810100,0.0482,0.0482,0.0482,0.0482,0.0000,0.0,0
1790810400,0.0482,0.0482,0.0482,0.0482,0.0000,0.0,0
1790810700,0.0482,0.0482,0.0482,0.0482,0.0000,0.0,0
1790811000,0.0482,0.0482,0.0482,0.0482,0.0000,0.0,0
1790811300,0.0482,0.0482,0.0482,0.0482,0.0000,0.0,0
1790811600,0.0482,0.0482,0.0482,0.0482,0.0000,0.0,0
1790811900,0.0482,0.0482,0.0482,0.0482,0.0000,0.0,0
1790812200,0.0482,0.0482,0.0482,0.0482,0.0000,0.0,0
1790812500,0.0482,0.0482,0.0482,0.0482,0.0000,0.0,0
1790812800,0.0485,0.0485,0.0485,0.0485,0.0485,3642.35269,1
1790813100,0.0485,0.0485,0.0485,0.0485,0.0000,0.0,0
1790813400,0.0485,0.0485,0.0485,0.0485,0.0000,0.0,0
1790813700,0.0485,0.0485,0.0485,0.0485,0.0000,0.0,0
1790814000,0.0485,0.0485,0.0485,0.0485,0.0000,0.0,0
1790814300,0.0485,0.0485,0.0485,0.0485,0.0000,0.0,0
1790814600,0.0485,0.0485,0.0485,0.0485,0.0000,0.0,0
1790814900,0.0485,0.0485,0.0485,0.0485,0.0000,0.0,0
1790815200,0.0485,0.0485,0.0485,0.0485,0.0000,0.0,0
1790815500,0.0485,0.0485,0.0485,0.0485,0.0000,0.0,0
1790815800,0.0485,0.0485,0.0485,0.0485,0.0000,0.0,0
1790816100,0.0485,0.0485,0.0485,0.0485,0.0000,0.0,0
1790816400,0.0485,0.0485,0.0485,0.0485,0.0000,0.0,0
1790816700,0.0485,0.0485,0.0485,0.0485,0.0000,0.0,0
1790817000,0.0485,0.0485,0.0485,0.0485,0.0000,0.0,0
1790817300,0.0485,0.0485,0.0485,0.0485,0.0000,0.0,0
1790817600,0.0485,0.0485,0.0485,0.0485,0.0000,0.0,0
1790817900,0.0485,0.0485,0.0485,0.0485,0.0000,0.0,0
1790818200,0.0485,0.0485,0.0485,0.0485,0.0000,0.0,0
1790818500,0.0485,0.0485,0.0485,0.0485,0.0000,0.0,0
1790818800,0.0485,0.0485,0.0485,0.0485,0.0000,0.0,0
1790819100,0.0485,0.0485,0.0485,0.0485,0.0000,0.0,0
1790819400,0.0485,0.0485,0.0485,0.0485,0.0000,0.0,0
1790819700,0.0485,0.0485,0.0485,0.0485,0.0000,0.0,0
1790820000,0.0485,0.0485,0.0485,0.0485,0.0000,0.0,0
1790820300,0.0485,0.0485,0.0485,0.0485,0.0000,0.0,0
1790820600,0.0485,0.0485,0.0485,0.0485,0.0000,0.0,0
1790820900,0.0485,0.0485,0.0485,0.0485,0.0000,0.0,0
1790821200,0.0485,0.0485,0.0485,0.0485,0.0000,0.0,0
1790821500,0.0485,0.0485,0.0485,0.0485,0.0000,0.0,0
1790821800,0.0485,0.0485,0.0485,0.0485,0.0000,0.0,0
1790822100,0.0485,0.0485,0.0485,0.0485,0.0000,0.0,0
1790822400,0.0485,0.0485,0.0485,0.0485,0.0000,0.0,0
1790822700,0.0485,0.0485,0.0485,0.0485,0.0000,0.0,0
1790823000,0.0485,0.0485,0.0485,0.0485,0.0000,0.0,0
1790823300,0.0491,0.0492,0.0491,0.0492,0.0491,4863.27876,4
1790823600,0.0492,0.0492,0.0492,0.0492,0.0000,0.0,0
1790823900,0.0492,0.0492,0.0492,0.0492,0.0000,0.0,0
1790824200,0.0492,0.0492,0.0492,0.0492,0.0000,0.0,0
1790824500,0.0492,0.0492,0.0492,0.0492,0.0000,0.0,0
1790824800,0.0491,0.0491,0.0491,0.0491,0.0491,155.00761,1
1790825100,0.0491,0.0491,0.0491,0.0491,0.0000,0.0,0
1790825400,0.0491,0.0491,0.0491,0.0491,0.0000,0.0,0
1790825700,0.0491,0.0491,0.0491,0.0491,0.0000,0.0,0
1790826000,0.0491,0.0491,0.0491,0.0491,0.0000,0.0,0
1790826300,0.0491,0.0491,0.0491,0.0491,0.0000,0.0,0
1790826600,0.0491,0.0491,0.0491,0.0491,0.0000,0.0,0
1790826900,0.0491,0.0491,0.0491,0.0491,0.0000,0.0,0
1790827200,0.0491,0.0491,0.0491,0.0491,0.0000,0.0,0
1790827500,0.0491,0.0491,0.0491,0.0491,0.0000,0.0,0
1790827800,0.0491,0.0491,0.0491,0.0491,0.0000,0.0,0
1790828100,0.0491,0.0491,0.0491,0.0491,0.0000,0.0,0
1790828400,0.0491,0.0491,0.0491,0.0491,0.0000,0.0,0
1790828700,0.0491,0.0491,0.0491,0.0491,0.0000,0.0,0
1790829000,0.0491,0.0491,0.0491,0.0491,0.0000,0.0,0
1790829300,0.0491,0.0491,0.0491,0.0491,0.0000,0.0,0
1790829600,0.0491,0.0491,0.0491,0.0491,0.0000,0.0,0
1790829900,0.0491,0.0491,0.0491,0.0491,0.0000,0.0,0
1790830200,0.0491,0.0491,0.0491,0.0491,0.0000,0.0,0
1790830500,0.0491,0.0491,0.0491,0.0491,0.0000,0.0,0
1790830800,0.0488,0.0488,0.0488,0.0488,0.0488,10273.36806,2
1790831100,0.0488,0.0488,0.0488,0.0488,0.0488,1298.62359,1
1790831400,0.0488,0.0488,0.0488,0.0488,0.0488,4310.17433,1
1790831700,0.0488,0.0488,0.0488,0.0488,0.0000,0.0,0
1790832000,0.0488,0.0488,0.0488,0.0488,0.0000,0.0,0
1790832300,0.0488,0.0488,0.0488,0.0488,0.0000,0.0,0
1790832600,0.0488,0.0488,0.0488,0.0488,0.0000,0.0,0
1790832900,0.0488,0.0488,0.0488,0.0488,0.0000,0.0,0
1790833200,0.0488,0.0488,0.0488,0.0488,0.0000,0.0,0
1790833500,0.0488,0.0488,0.0488,0.0488,0.0000,0.0,0
1790833800,0.0488,0.0488,0.0488,0.0488,0.0000,0.0,0
1790834100,0.0488,0.0488,0.0488,0.0488,0.0000,0.0,0
1790834400,0.0488,0.0488,0.0488,0.0488,0.0000,0.0,0
1790834700,0.0488,0.0488,0.0488,0.0488,0.0000,0.0,0
1790835000,0.0488,0.0488,0.0488,0.0488,0.0000,0.0,0
1790835300,0.0488,0.0488,0.0488,0.0488,0.0000,0.0,0
1790835600,0.0488,0.0488,0.0488,0.0488,0.0000,0.0,0
1790835900,0.049,0.049,0.049,0.049,0.0490,1928.57142,1
1790836200,0.049,0.049,0.049,0.049,0.0000,0.0,0
1790836500,0.049,0.049,0.049,0.049,0.0000,0.0,0
1790836800,0.049,0.049,0.049,0.049,0.0000,0.0,0
1790837100,0.049,0.049,0.049,0.049,0.0000,0.0,0
1790837400,0.049,0.049,0.049,0.049,0.0000,0.0,0
1790837700,0.049,0.049,0.049,0.049,0.0000,0.0,0
1790838000,0.049,0.049,0.049,0.049,0.0000,0.0,0
1790838300,0.049,0.049,0.049,0.049,0.0000,0.0,0
1790838600,0.049,0.049,0.049,0.049,0.0000,0.0,0
1790838900,0.049,0.049,0.049,0.049,0.0000,0.0,0
1790839200,0.049,0.049,0.049,0.049,0.0000,0.0,0
1790839500,0.049,0.049,0.049,0.049,0.0000,0.0,0
1790839800,0.049,0.049,0.049,0.049,0.0000,0.0,0
1790840100,0.049,0.049,0.049,0.049,0.0000,0.0,0
1790840400,0.049,0.049,0.049,0.049,0.0000,0.0,0
1790840700,0.049,0.049,0.049,0.049,0.0000,0.0,0
1790841000,0.049,0.049,0.049,0.049,0.0000,0.0,0
1790841300,0.049,0.049,0.049,0.049,0.0000,0.0,0
1790841600,0.049,0.049,0.049,0.049,0.0000,0.0,0
1790841900,0.049,0.049,0.049,0.049,0.0000,0.0,0
1790842200,0.049,0.049,0.049,0.049,0.0000,0.0,0
1790842500,0.049,0.049,0.049,0.049,0.0000,0.0,0
1790842800,0.049,0.049,0.049,0.049,0.0000,0.0,0
1790843100,0.0489,0.049,0.0489,0.049,0.0489,19254.07108,2
1790843400,0.049,0.049,0.049,0.049,0.0000,0.0,0
1790843700,0.049,0.049,0.049,0.049,0.0000,0.0,0
1790844000,0.049,0.049,0.049,0.049,0.0000,0.0,0
1790844300,0.049,0.049,0.049,0.049,0.0000,0.0,0
1790844600,0.049,0.049,0.049,0.049,0.0000,0.0,0
1790844900,0.049,0.049,0.049,0.049,0.0000,0.0,0
1790845200,0.049,0.049,0.049,0.049,0.0000,0.0,0
1790845500,0.049,0.049,0.049,0.049,0.0000,0.0,0
1790845800,0.049,0.049,0.049,0.049,0.0000,0.0,0
1790846100,0.049,0.049,0.049,0.049,0.0000,0.0,0
1790846400,0.049,0.049,0.049,0.049,0.0000,0.0,0
1790846700,0.049,0.049,0.049,0.049,0.0000,0.0,0
1790847000,0.049,0.049,0.049,0.049,0.0000,0.0,0
1790847300,0.049,0.049,0.049,0.049,0.0000,0.0,0
1790847600,0.049,0.049,0.049,0.049,0.0000,0.0,0
1790847900,0.049,0.049,0.049,0.049,0.0000,0.0,0
1790848200,0.049,0.049,0.049,0.049,0.0000,0.0,0
1790848500,0.0489,0.0489,0.0489,0.0489,0.0489,3643.70117,1
1790848800,0.0486,0.0486,0.0486,0.0486,0.0486,612.87028,1
1790849100,0.0485,0.0485,0.0485,0.0485,0.0485,57369.29019,11
1790849400,0.0485,0.0485,0.0485,0.0485,0.0000,0.0,0
1790849700,0.0487,0.0487,0.0487,0.0487,0.0487,9123.762,1
1790850000,0.0488,0.0488,0.0488,0.0488,0.0488,12785.37232,2
1790850300,0.0488,0.0488,0.0488,0.0488,0.0000,0.0,0
1790850600,0.0488,0.0488,0.0488,0.0488,0.0000,0.0,0
1790850900,0.0488,0.0488,0.0488,0.0488,0.0000,0.0,0
1790851200,0.0488,0.0488,0.0488,0.0488,0.0000,0.0,0
1790851500,0.0488,0.0488,0.0488,0.0488,0.0000,0.0,0
1790851800,0.0488,0.0488,0.0488,0.0488,0.0000,0.0,0
1790852100,0.0488,0.0488,0.0488,0.0488,0.0000,0.0,0
1790852400,0.0488,0.0488,0.0488,0.0488,0.0000,0.0,0
1790852700,0.0488,0.0488,0.0488,0.0488,0.0000,0.0,0
1790853000,0.0488,0.0488,0.0488,0.0488,0.0000,0.0,0
1790853300,0.0488,0.0488,0.0488,0.0488,0.0000,0.0,0
1790853600,0.0488,0.0488,0.0488,0.0488,0.0000,0.0,0
1790853900,0.0488,0.0488,0.0488,0.0488,0.0000,0.0,0
1790854200,0.0489,0.0489,0.0489,0.0489,0.0489,9061.9372,1
1790854500,0.0489,0.0489,0.0489,0.0489,0.0000,0.0,0
1790854800,0.0489,0.0489,0.0489,0.0489,0.0000,0.0,0
1790855100,0.0489,0.0489,0.0489,0.0489,0.0000,0.0,0
1790855400,0.0489,0.0489,0.0489,0.0489,0.0000,0.0,0
1790855700,0.0489,0.0489,0.0489,0.0489,0.0000,0.0,0
1790856000,0.0489,0.0489,0.0489,0.0489,0.0000,0.0,0
1790856300,0.0489,0.0489,0.0489,0.0489,0.0000,0.0,0
1790856600,0.0489,0.0489,0.0489,0.0489,0.0000,0.0,0
1790856900,0.0489,0.0489,0.0489,0.0489,0.0000,0.0,0
1790857200,0.0489,0.0489,0.0489,0.0489,0.0000,0.0,0
1790857500,0.0489,0.0489,0.0489,0.0489,0.0000,0.0,0
1790857800,0.0489,0.0489,0.0489,0.0489,0.0000,0.0,0
1790858100,0.0489,0.0489,0.0489,0.0489,0.0000,0.0,0
1790858400,0.0489,0.0489,0.0489,0.0489,0.0000,0.0,0
1790858700,0.0489,0.0489,0.0489,0.0489,0.0000,0.0,0
1790859000,0.0489,0.0489,0.0489,0.0489,0.0000,0.0,0
1790859300,0.0489,0.0489,0.0489,0.0489,0.0000,0.0,0
1790859600,0.0489,0.0489,0.0489,0.0489,0.0000,0.0,0
1790859900,0.0489,0.0489,0.0489,0.0489,0.0000,0.0,0
1790860200,0.0489,0.0489,0.0489,0.0489,0.0000,0.0,0
1790860500,0.0489,0.0489,0.0489,0.0489,0.0000,0.0,0
1790860800,0.0489,0.0489,0.0489,0.0489,0.0000,0.0,0
1790861100,0.0489,0.0489,0.0489,0.0489,0.0000,0.0,0
1790861400,0.0489,0.0489,0.0489,0.0489,0.0000,0.0,0
1790861700,0.0489,0.0489,0.0489,0.0489,0.0000,0.0,0
1790862000,0.0489,0.0489,0.0489,0.0489,0.0000,0.0,0
1790862300,0.0489,0.0489,0.0489,0.0489,0.0000,0.0,0
1790862600,0.0489,0.0489,0.0489,0.0489,0.0000,0.0,0
1790862900,0.0489,0.0489,0.0489,0.0489,0.0000,0.0,0
1790863200,0.0488,0.0488,0.0488,0.0488,0.0488,19555.74173,1
1790863500,0.0488,0.0488,0.0488,0.0488,0.0488,9075.7235,1
1790863800,0.0488,0.0488,0.0488,0.0488,0.0000,0.0,0
1790864100,0.0488,0.0488,0.0488,0.0488,0.0000,0.0,0
1790864400,0.0488,0.0488,0.0488,0.0488,0.0000,0.0,0
1790864700,0.0488,0.0488,0.0488,0.0488,0.0000,0.0,0
1790865000,0.0488,0.0488,0.0488,0.0488,0.0000,0.0,0
1790865300,0.0488,0.0488,0.0488,0.0488,0.0000,0.0,0
1790865600,0.0488,0.0488,0.0488,0.0488,0.0000,0.0,0
1790865900,0.049,0.049,0.049,0.049,0.0490,30722.9406,4
1790866200,0.0489,0.0489,0.0489,0.0489,0.0489,28636.4824,2
1790866500,0.0489,0.0489,0.0489,0.0489,0.0000,0.0,0
1790866800,0.0489,0.0489,0.0489,0.0489,0.0000,0.0,0
1790867100,0.0489,0.0489,0.0489,0.0489,0.0000,0.0,0
1790867400,0.0488,0.0488,0.0488,0.0488,0.0488,27495.30554,2
1790867700,0.049,0.049,0.049,0.049,0.0490,3696.30843,1
1790868000,0.049,0.049,0.049,0.049,0.0490,9066.43172,1
1790868300,0.049,0.049,0.049,0.049,0.0000,0.0,0
1790868600,0.0489,0.0489,0.0489,0.0489,0.0489,9094.66402,1
1790868900,0.0489,0.0489,0.0489,0.0489,0.0489,9103.93574,1
1790869200,0.0489,0.0489,0.0489,0.0489,0.0489,27289.96254,3
1790869500,0.049,0.049,0.049,0.049,0.0490,9096.6185,1
1790869800,0.049,0.049,0.049,0.049,0.0000,0.0,0
1790870100,0.0491,0.0491,0.0491,0.0491,0.0491,9074.60903,1
1790870400,0.0491,0.0491,0.0491,0.0491,0.0000,0.0,0
1790870700,0.0491,0.0491,0.0491,0.0491,0.0000,0.0,0
1790871000,0.0491,0.0491,0.0491,0.0491,0.0000,0.0,0
1790871300,0.0491,0.0491,0.0491,0.0491,0.0000,0.0,0
1790871600,0.0491,0.0491,0.0491,0.0491,0.0000,0.0,0
1790871900,0.0491,0.0491,0.0491,0.0491,0.0000,0.0,0
1790872200,0.0491,0.0491,0.0491,0.0491,0.0000,0.0,0
1790872500,0.049,0.049,0.049,0.049,0.0490,12722.29965,2
1790872800,0.049,0.049,0.049,0.049,0.0000,0.0,0
1790873100,0.049,0.049,0.049,0.049,0.0000,0.0,0
1790873400,0.049,0.049,0.049,0.049,0.0000,0.0,0
1790873700,0.049,0.049,0.049,0.049,0.0000,0.0,0
1790874000,0.049,0.049,0.049,0.049,0.0000,0.0,0
1790874300,0.049,0.049,0.049,0.049,0.0000,0.0,0
1790874600,0.049,0.049,0.049,0.049,0.0000,0.0,0
1790874900,0.0492,0.0492,0.0492,0.0492,0.0492,612.2449,1
1790875200,0.0493,0.0493,0.0493,0.0493,0.0493,28253.26555,2
1790875500,0.0493,0.0493,0.0493,0.0493,0.0000,0.0,0
1790875800,0.0493,0.0493,0.0493,0.0493,0.0493,12676.72108,2
1790876100,0.0493,0.0493,0.0493,0.0493,0.0000,0.0,0
1790876400,0.0494,0.0494,0.0494,0.0494,0.0494,18358.1914,2
1790876700,0.0494,0.0494,0.0494,0.0494,0.0000,0.0,0
1790877000,0.0494,0.0494,0.0494,0.0494,0.0000,0.0,0
1790877300,0.0494,0.0494,0.0494,0.0494,0.0494,32578.87556,1
1790877600,0.0494,0.0494,0.0494,0.0494,0.0000,0.0,0
1790877900,0.0494,0.0494,0.0494,0.0494,0.0000,0.0,0
1790878200,0.0496,0.0496,0.0496,0.0496,0.0496,8996.26312,1
1790878500,0.0496,0.0496,0.0496,0.0496,0.0496,5515.0,1
1790878800,0.0496,0.0496,0.0496,0.0496,0.0000,0.0,0
1790879100,0.0496,0.0496,0.0496,0.0496,0.0000,0.0,0
1790879400,0.0496,0.0496,0.0496,0.0496,0.0000,0.0,0
1790879700,0.0496,0.0496,0.0496,0.0496,0.0000,0.0,0
1790880000,0.0497,0.0497,0.0497,0.0497,0.0497,8953.20841,1
1790880300,0.0497,0.0497,0.0497,0.0497,0.0000,0.0,0
1790880600,0.0497,0.0497,0.0497,0.0497,0.0000,0.0,0
1790880900,0.0497,0.0497,0.0497,0.0497,0.0000,0.0,0
1790881200,0.0497,0.0497,0.0497,0.0497,0.0000,0.0,0
1790881500,0.0497,0.0497,0.0497,0.0497,0.0000,0.0,0
1790881800,0.0497,0.0497,0.0497,0.0497,0.0000,0.0,0
1790882100,0.0497,0.0497,0.0497,0.0497,0.0497,8950.57829,1
1790882400,0.0497,0.0497,0.0496,0.0496,0.0496,17907.62984,2
1790882700,0.0496,0.0496,0.0496,0.0496,0.0000,0.0,0
1790883000,0.0496,0.0496,0.0496,0.0496,0.0000,0.0,0
1790883300,0.0496,0.0496,0.0496,0.0496,0.0000,0.0,0
1790883600,0.0496,0.0496,0.0496,0.0496,0.0000,0.0,0
1790883900,0.0495,0.0495,0.0495,0.0495,0.0495,8983.38561,1
1790884200,0.0497,0.0497,0.0497,0.0497,0.0497,17895.86184,2
1790884500,0.0496,0.0496,0.0496,0.0496,0.0496,12537.02854,2
1790884800,0.0496,0.0496,0.0496,0.0496,0.0496,2014.10396,1
1790885100,0.0496,0.0496,0.0496,0.0496,0.0000,0.0,0
1790885400,0.0496,0.0496,0.0496,0.0496,0.0000,0.0,0
1790885700,0.0496,0.0496,0.0496,0.0496,0.0496,8983.15954,1
1790886000,0.0496,0.0496,0.0496,0.0496,0.0000,0.0,0
1790886300,0.0496,0.0496,0.0496,0.0496,0.0000,0.0,0
1790886600,0.0496,0.0496,0.0496,0.0496,0.0000,0.0,0
1790886900,0.0496,0.0496,0.0496,0.0496,0.0000,0.0,0
1790887200,0.0496,0.0496,0.0496,0.0496,0.0000,0.0,0
1790887500,0.0494,0.0494,0.0494,0.0494,0.0494,9002.4515,1
1790887800,0.0494,0.0494,0.0494,0.0494,0.0000,0.0,0
1790888100,0.0494,0.0494,0.0494,0.0494,0.0000,0.0,0
1790888400,0.0494,0.0494,0.0494,0.0494,0.0000,0.0,0
1790888700,0.0494,0.0494,0.0494,0.0494,0.0000,0.0,0
1790889000,0.0494,0.0494,0.0494,0.0494,0.0000,0.0,0
1790889300,0.0494,0.0494,0.0494,0.0494,0.0000,0.0,0
1790889600,0.0494,0.0494,0.0494,0.0494,0.0000,0.0,0
1790889900,0.0494,0.0494,0.0494,0.0494,0.0000,0.0,0
1790890200,0.0495,0.0495,0.0495,0.0495,0.0495,8981.39137,1
1790890500,0.0495,0.0495,0.0495,0.0495,0.0000,0.0,0
1790890800,0.0495,0.0495,0.0495,0.0495,0.0000,0.0,0
1790891100,0.0495,0.0495,0.0495,0.0495,0.0000,0.0,0
1790891400,0.0495,0.0495,0.0495,0.0495,0.0000,0.0,0
1790891700,0.0495,0.0495,0.0495,0.0495,0.0495,8986.58103,1
1790892000,0.0495,0.0495,0.0495,0.0495,0.0495,1110.39791,1
1790892300,0.0495,0.0495,0.0495,0.0495,0.0000,0.0,0
1790892600,0.0496,0.0496,0.0496,0.0496,0.0496,8965.79335,1
1790892900,0.0496,0.0496,0.0496,0.0496,0.0496,8966.11222,1
1790893200,0.0496,0.0496,0.0496,0.0496,0.0496,17931.90987,2
1790893500,0.0496,0.0496,0.0496,0.0496,0.0000,0.0,0
1790893800,0.0497,0.0497,0.0497,0.0497,0.0497,8948.27426,1
1790894100,0.0497,0.0497,0.0497,0.0497,0.0000,0.0,0
1790894400,0.0497,0.0497,0.0497,0.0497,0.0000,0.0,0
1790894700,0.0497,0.0497,0.0497,0.0497,0.0000,0.0,0
1790895000,0.0496,0.0496,0.0496,0.0496,0.0496,8965.95304,1
1790895300,0.0497,0.0497,0.0497,0.0497,0.0497,12478.08335,2
1790895600,0.0497,0.0497,0.0497,0.0497,0.0000,0.0,0
1790895900,0.0497,0.0497,0.0497,0.0497,0.0000,0.0,0
1790896200,0.0497,0.0497,0.0497,0.0497,0.0000,0.0,0
1790896500,0.0497,0.0497,0.0497,0.0497,0.0000,0.0,0
1790896800,0.0497,0.0497,0.0497,0.0497,0.0000,0.0,0
1790897100,0.0497,0.0497,0.0497,0.0497,0.0000,0.0,0
1790897400,0.0497,0.0497,0.0497,0.0497,0.0000,0.0,0
1790897700,0.0497,0.0497,0.0497,0.0497,0.0000,0.0,0
1790898000,0.0497,0.0497,0.0497,0.0497,0.0000,0.0,0
1790898300,0.0497,0.0497,0.0497,0.0497,0.0000,0.0,0
1790898600,0.0497,0.0498,0.0497,0.0498,0.0497,40708.58811,3
1790898900,0.0498,0.0498,0.0498,0.0498,0.0000,0.0,0
1790899200,0.0498,0.0498,0.0498,0.0498,0.0000,0.0,0
1790899500,0.0498,0.0498,0.0498,0.0498,0.0000,0.0,0
1790899800,0.0498,0.0498,0.0498,0.0498,0.0498,44390.41616,5
1790900100,0.0498,0.0498,0.0498,0.0498,0.0000,0.0,0
1790900400,0.0499,0.0499,0.0499,0.0499,0.0499,8913.87284,1
1790900700,0.0499,0.0499,0.0499,0.0499,0.0499,12552.17179,2
1790901000,0.0497,0.0497,0.0497,0.0497,0.0497,1203.427,1
1790901300,0.0498,0.0498,0.0498,0.0498,0.0498,8934.5516,1
1790901600,0.0498,0.0498,0.0498,0.0498,0.0000,0.0,0
1790901900,0.0498,0.0498,0.0498,0.0498,0.0000,0.0,0
1790902200,0.0498,0.0498,0.0498,0.0498,0.0000,0.0,0
1790902500,0.0498,0.0498,0.0498,0.0498,0.0000,0.0,0
1790902800,0.0498,0.0498,0.0498,0.0498,0.0000,0.0,0
1790903100,0.0498,0.0498,0.0498,0.0498,0.0000,0.0,0
1790903400,0.0498,0.0498,0.0498,0.0498,0.0000,0.0,0
1790903700,0.0498,0.0498,0.0498,0.0498,0.0000,0.0,0
1790904000,0.0498,0.0498,0.0498,0.0498,0.0000,0.0,0
1790904300,0.0497,0.0497,0.0497,0.0497,0.0497,8955.16115,1
1790904600,0.0497,0.0497,0.0497,0.0497,0.0497,8955.24195,1
1790904900,0.0497,0.0497,0.0497,0.0497,0.0000,0.0,0
1790905200,0.0497,0.0497,0.0497,0.0497,0.0000,0.0,0
1790905500,0.0495,0.0495,0.0495,0.0495,0.0495,8989.66301,1
1790905800,0.0495,0.0495,0.0495,0.0495,0.0000,0.0,0
1790906100,0.0495,0.0495,0.0495,0.0495,0.0000,0.0,0
1790906400,0.0495,0.0495,0.0495,0.0495,0.0000,0.0,0
1790906700,0.0495,0.0495,0.0495,0.0495,0.0000,0.0,0
1790907000,0.0495,0.0495,0.0495,0.0495,0.0000,0.0,0
1790907300,0.0495,0.0495,0.0495,0.0495,0.0000,0.0,0
1790907600,0.0495,0.0495,0.0495,0.0495,0.0000,0.0,0
1790907900,0.0495,0.0495,0.0495,0.0495,0.0000,0.0,0
1790908200,0.0495,0.0495,0.0495,0.0495,0.0000,0.0,0
1790908500,0.0496,0.0496,0.0496,0.0496,0.0496,11184.91361,2
1790908800,0.0496,0.0496,0.0496,0.0496,0.0000,0.0,0
1790909100,0.0496,0.0496,0.0496,0.0496,0.0000,0.0,0
1790909400,0.0496,0.0496,0.0496,0.0496,0.0000,0.0,0
1790909700,0.0496,0.0496,0.0496,0.0496,0.0000,0.0,0
1790910000,0.0497,0.0497,0.0497,0.0497,0.0497,8946.28232,1
1790910300,0.0497,0.0497,0.0497,0.0497,0.0000,0.0,0
1790910600,0.0497,0.0497,0.0497,0.0497,0.0000,0.0,0
1790910900,0.0497,0.0497,0.0497,0.0497,0.0000,0.0,0
1790911200,0.0497,0.0497,0.0497,0.0497,0.0000,0.0,0
1790911500,0.0497,0.0497,0.0497,0.0497,0.0000,0.0,0
1790911800,0.0497,0.0497,0.0497,0.0497,0.0000,0.0,0
1790912100,0.0497,0.0497,0.0497,0.0497,0.0000,0.0,0
1790912400,0.0497,0.0497,0.0497,0.0497,0.0000,0.0,0
1790912700,0.0497,0.0497,0.0497,0.0497,0.0000,0.0,0
1790913000,0.0497,0.0497,0.0497,0.0497,0.0000,0.0,0
1790913300,0.0497,0.0497,0.0497,0.0497,0.0000,0.0,0
1790913600,0.0497,0.0497,0.0497,0.0497,0.0000,0.0,0
1790913900,0.0497,0.0497,0.0497,0.0497,0.0000,0.0,0
1790914200,0.0497,0.0497,0.0497,0.0497,0.0000,0.0,0
1790914500,0.0497,0.0497,0.0497,0.0497,0.0000,0.0,0
1790914800,0.0497,0.0497,0.0497,0.0497,0.0000,0.0,0
1790915100,0.0497,0.0497,0.0497,0.0497,0.0000,0.0,0
1790915400,0.0497,0.0497,0.0497,0.0497,0.0000,0.0,0
1790915700,0.0497,0.0497,0.0497,0.0497,0.0000,0.0,0
1790916000,0.0497,0.0497,0.0497,0.0497,0.0000,0.0,0
1790916300,0.0497,0.0497,0.0497,0.0497,0.0000,0.0,0
1790916600,0.0497,0.0497,0.0497,0.0497,0.0000,0.0,0
1790916900,0.0497,0.0497,0.0497,0.0497,0.0000,0.0,0
1790917200,0.0497,0.0497,0.0497,0.0497,0.0000,0.0,0
1790917500,0.0497,0.0497,0.0497,0.0497,0.0000,0.0,0
1790917800,0.0497,0.0497,0.0497,0.0497,0.0000,0.0,0
1790918100,0.05,0.05,0.05,0.05,0.0500,8904.63469,1
1790918400,0.05,0.05,0.05,0.05,0.0000,0.0,0
1790918700,0.05,0.05,0.05,0.05,0.0000,0.0,0
1790919000,0.05,0.05,0.05,0.05,0.0000,0.0,0
1790919300,0.05,0.05,0.05,0.05,0.0000,0.0,0
1790919600,0.05,0.05,0.05,0.05,0.0000,0.0,0
1790919900,0.05,0.05,0.05,0.05,0.0000,0.0,0
1790920200,0.0499,0.0499,0.0499,0.0499,0.0499,8907.73558,1
1790920500,0.0499,0.0499,0.0499,0.0499,0.0000,0.0,0
1790920800,0.0499,0.0499,0.0499,0.0499,0.0000,0.0,0
1790921100,0.0499,0.0499,0.0499,0.0499,0.0000,0.0,0
1790921400,0.0501,0.0501,0.0501,0.0501,0.0501,8866.93314,1
1790921700,0.0501,0.0501,0.0501,0.0501,0.0000,0.0,0
1790922000,0.0501,0.0501,0.0501,0.0501,0.0000,0.0,0
1790922300,0.0501,0.0501,0.0501,0.0501,0.0000,0.0,0
1790922600,0.0499,0.0499,0.0499,0.0499,0.0499,45487.81783,3
1790922900,0.0499,0.0499,0.0499,0.0499,0.0000,0.0,0
1790923200,0.0498,0.0498,0.0498,0.0498,0.0498,8918.44888,1
1790923500,0.0498,0.0498,0.0498,0.0498,0.0000,0.0,0
1790923800,0.0498,0.0498,0.0498,0.0498,0.0000,0.0,0
1790924100,0.0498,0.0498,0.0498,0.0498,0.0000,0.0,0
1790924400,0.0498,0.0498,0.0498,0.0498,0.0000,0.0,0
1790924700,0.0498,0.0498,0.0498,0.0498,0.0000,0.0,0
1790925000,0.0498,0.0498,0.0498,0.0498,0.0000,0.0,0
1790925300,0.0498,0.0498,0.0498,0.0498,0.0000,0.0,0
1790925600,0.0498,0.0498,0.0498,0.0498,0.0000,0.0,0
1790925900,0.0498,0.0498,0.0498,0.0498,0.0000,0.0,0
1790926200,0.0499,0.0499,0.0499,0.0499,0.0499,8915.17065,1
1790926500,0.0499,0.0499,0.0499,0.0499,0.0499,8898.55558,1
1790926800,0.0499,0.0499,0.0499,0.0499,0.0499,8899.46716,1
1790927100,0.0499,0.0499,0.0499,0.0499,0.0000,0.0,0
1790927400,0.0499,0.0499,0.0499,0.0499,0.0000,0.0,0
1790927700,0.05,0.05,0.05,0.05,0.0500,17880.06498,1
1790928000,0.05,0.05,0.05,0.05,0.0000,0.0,0
1790928300,0.05,0.05,0.05,0.05,0.0500,3476.97991,1
1790928600,0.05,0.05,0.05,0.05,0.0000,0.0,0
1790928900,0.05,0.05,0.05,0.05,0.0000,0.0,0
1790929200,0.0501,0.0501,0.0501,0.0501,0.0501,5515.0,1
1790929500,0.0501,0.0501,0.0501,0.0501,0.0000,0.0,0
1790929800,0.0501,0.0501,0.0501,0.0501,0.0000,0.0,0
1790930100,0.0501,0.0501,0.0501,0.0501,0.0000,0.0,0
1790930400,0.0501,0.0501,0.0501,0.0501,0.0000,0.0,0
1790930700,0.0501,0.0501,0.0501,0.0501,0.0000,0.0,0
1790931000,0.0501,0.0501,0.0501,0.0501,0.0000,0.0,0
1790931300,0.0498,0.0498,0.0498,0.0498,0.0498,3580.45131,1
1790931600,0.0498,0.0498,0.0498,0.0498,0.0000,0.0,0
1790931900,0.0498,0.0498,0.0498,0.0498,0.0000,0.0,0
1790932200,0.0498,0.0498,0.0498,0.0498,0.0000,0.0,0
1790932500,0.0498,0.0498,0.0498,0.0498,0.0000,0.0,0
1790932800,0.0498,0.0498,0.0498,0.0498,0.0000,0.0,0
1790933100,0.0498,0.0498,0.0498,0.0498,0.0000,0.0,0
1790933400,0.0498,0.0498,0.0498,0.0498,0.0000,0.0,0
1790933700,0.0498,0.0498,0.0498,0.0498,0.0000,0.0,0
1790934000,0.0498,0.0498,0.0498,0.0498,0.0000,0.0,0
1790934300,0.0498,0.0498,0.0498,0.0498,0.0000,0.0,0
1790934600,0.0498,0.0498,0.0498,0.0498,0.0000,0.0,0
1790934900,0.0498,0.0498,0.0498,0.0498,0.0000,0.0,0
1790935200,0.0498,0.0498,0.0498,0.0498,0.0000,0.0,0
1790935500,0.0498,0.0498,0.0498,0.0498,0.0000,0.0,0
1790935800,0.0498,0.0498,0.0498,0.0498,0.0000,0.0,0
1790936100,0.0498,0.0498,0.0498,0.0498,0.0000,0.0,0
1790936400,0.0498,0.0498,0.0498,0.0498,0.0000,0.0,0
1790936700,0.0498,0.0498,0.0498,0.0498,0.0000,0.0,0
1790937000,0.0497,0.0497,0.0497,0.0497,0.0497,8962.03032,1
1790937300,0.0497,0.0497,0.0497,0.0497,0.0000,0.0,0
1790937600,0.0497,0.0497,0.0497,0.0497,0.0000,0.0,0
1790937900,0.0499,0.0499,0.0499,0.0499,0.0499,8934.10604,1
1790938200,0.0499,0.0499,0.0499,0.0499,0.0000,0.0,0
1790938500,0.0499,0.0499,0.0499,0.0499,0.0000,0.0,0
1790938800,0.0499,0.0499,0.0499,0.0499,0.0000,0.0,0
1790939100,0.0499,0.0499,0.0499,0.0499,0.0499,8921.52989,1
1790939400,0.0499,0.0499,0.0499,0.0499,0.0000,0.0,0
1790939700,0.0499,0.0499,0.0499,0.0499,0.0000,0.0,0
1790940000,0.05,0.05,0.05,0.05,0.0500,8897.39413,1
1790940300,0.05,0.05,0.05,0.05,0.0500,30247.61355,4
1790940600,0.05,0.05,0.05,0.05,0.0000,0.0,0
1790940900,0.05,0.05,0.05,0.05,0.0000,0.0,0
1790941200,0.05,0.05,0.05,0.05,0.0000,0.0,0
1790941500,0.0499,0.0499,0.0499,0.0499,0.0499,1418.48269,1
1790941800,0.0499,0.0499,0.0499,0.0499,0.0499,93.81208,1
1790942100,0.0499,0.0499,0.0499,0.0499,0.0000,0.0,0
1790942400,0.05,0.05,0.05,0.05,0.0500,11579.99994,2
1790942700,0.05,0.05,0.05,0.05,0.0000,0.0,0
1790943000,0.05,0.05,0.05,0.05,0.0000,0.0,0
